No,Rules,PrasaYati,Yathi,Reference,Name,Identifier,Full Name,
1,భభభభభమ,,"7,13",చాంద్ బీబీ కో.శ్రీ,అంగన,aMgana,అంగన ,
2,భభభభగ,,5,"హేమఛంసా 2-196, జయకీర్తి 2-161మా.పట్వర్థన్",అంగరుచి,aMgaruchi,అంగరుచి,
3,భజజభలగ,,9,వాగ్వల్లభ దుఃఖభంజన,అంచలవతి,aMchalavati,అంచలవతి,
4,రసభసస,,8,శ్రీ వేంకటేశాయ సహస్రనామ సహస్రఛందమాల - శ్రీతోపెల్ల బాలసుబ్రహ్మణ్య శర్మ & వేగరాజు శ్రీరామ్,అంజనాద్రి,aMjanaadri,అంజనాద్రి,
5,ససనయభలల,,10,సఆంఋసం వగోకృ,అంతరిక్ష,aMtariksha,అంతరిక్ష ,
6,తరతరస,,9,శ్రీ వేంకటేశాయ సహస్రనామ సహస్రఛందమాల - శ్రీతోపెల్ల బాలసుబ్రహ్మణ్య శర్మ & వేగరాజు శ్రీరామ్,అంతర్భ్రమర,aMtarbhramara,అంతర్భ్రమర ,
7,మసమగగ,,7,వాగ్వల్లభ దుఃఖభంజన,అంతర్వనితా,aMtarvanitaa,అంతర్వనితా,
8,తరజర,,6,వాగ్వల్లభ ,అంతర్వికాస వాసకః,aMtarvikaasa-vaasaka@h,అంతర్వికాస వాసకః,
9,భభనసతగల,,10,సఆంఋసం వగోకృ,అంబర 1,aMbara-1,అంబర 1,
10,భననసలల,,8,మా.పట్వర్థన్,అంబర 2,aMbara-2,అంబర 2 ,
11,భజససగ,,10,మా.పట్వర్థన్,అంబుజ,aMbuja,అంబుజ ,
12,సయసజగ,,7,వాగ్వల్లభ దుఃఖభంజన మా.పట్వర్థన్,అంబుదావళీ,aMbudaavaLee,"అంబుదావళీ, సుదంత ",
13,భభభభరసలగ,,13,"200 1. కవి కావ్యా.ఆనం. లక్షణ. అప్పక. ""వనమంజరి"" - నాగ. (వనవల్లరి, నాగరంజిత) 2. వృ.మౌ.చం. 3.నందకం హైచంశా  మా.పట్వర్థన్",అంబురుహము,aMburuhamu,"అంబురుహము, నందక భాసుర ",
14,ససభనరభ,,10,సఆంఋసం వగోకృ,అంశుమాలి,aMSumaali,అంశుమాలి ,
15,ననననలల,,7,వాగ్వల్లభ /వృత్త మౌక్తిక చంద్రశేఖర పింగళ ప్రకాశ,అక హరి,aka-hari,"అక హరి, అకు హరి, మణిగణము, నాగరాజ ",
16,భసజసతలల,,10,సఆంఋసం వగోకృ,అక్షయ,akshaya,అక్షయ,
17,భనననతభలల,,12,సఆంఋసం వగోకృ,అక్షయగతి,akshayagati,అక్షయగతి,
18,భభరయనభ,,11,సఆంఋసం వగోకృ,అక్షరశ్రీ,aksharaSree,అక్షరశ్రీ ,
19,రసజగ,,6,"మంమచం, రణపింగళ మా.పట్వర్థన్",అక్షరావలీ,aksharaavalee,"అక్షరావలీ, లాలినీ",
20,సజస,,No,మా.పట్వర్థన్,అక్షి 1,akshi-1,అక్షి 1,
21,తజన,,No,సఆంఋసం వగోకృ,అక్షి 2,akshi-2,అక్షి 2,
22,జరరజగ,,8,వాగ్వల్లభ దుఃఖభంజన,అఖండమండనం,akhaMDamaMDanaM,అఖండమండనం,
23,నజలగ,,No,"వాగ్వల్లభ 2 సునందినీ పరిణయము, బభ్రువాహన కో.శ్రీ మా.పట్వర్థన్ భ.నా.శా.",అఖనిః శమన,akhani@h-Samana,"అఖనిః శమన, లలితగతి ",
24,నననలల,,5,1.వా.వ  2. వృ.మౌ.చం  ,అగరిమ,agarima,"అగరిమ, వకుళమ్ 445",
25,యసతతసర,,10,శ్రీ వేంకటేశాయ సహస్రనామ సహస్రఛందమాల - శ్రీతోపెల్ల బాలసుబ్రహ్మణ్య శర్మ & వేగరాజు శ్రీరామ్,అగస్త్యస్తుతి,agastyastuti,అగస్త్యస్తుతి ,
26,తతతతతగగ,,12, కొక్కొండ ,అగ్ర,agra,అగ్ర ,
27,ననల,,No,1. వా. వ 2. వృ.మౌ.చం.,అచటు,achaTu,"అచటు, కుసుమతతి",
28,జతభయసత,,12,ఛం.సార,అచల,achala,అచల,
29,నననననల,,10,1. ఛం.సార 2.వృ.మౌ.చం. 3.వాగ్వల్లభ మా.పట్వర్థన్ ఛందోనుశాసనం,అచలధృతి,achaladhRti,"అచలధృతి, అచలధృతి 237, గిరివరధృతి, గీత్యార్యా ",
30,నననననలల,,10,1. వా.వ. 2. వృ.మౌ,అచలనయనం,achalanayanaM,"అచలనయనం, దశముఖ హరం",
31,రనసగ,,6,వాగ్వల్లభ దుఃఖభంజన,అచలపంక్తిః,achalapaMkti@h,అచలపంక్తిః ,
32,ననలల,,No,200 1. వా. వ 2. వృ.మౌ.చం. మా.పట్వర్థన్,అచలము,achalamu,"అచలము, కృతయుః, కృశయుః, జలదమ్ ",
33,రససలగ,,7,మా.పట్వర్థన్,అచ్యుత 1,achyuta-1,అచ్యుత 1 ,
34,రనసలగ,,7,మా.పట్వర్థన్ ఛందస్కలావతీ,అచ్యుత 2,achyuta-2,"అచ్యుత 2, సాధనా ",
35,జరభజనసగ,,10,సఆంఋసం వగోకృ,అజపా,ajapaa,అజపా,
36,జమననననగ,,9,సఆంఋసం వగోకృ,అజయ,ajaya,అజయ,
37,తజజజజజజజ,,16,రణపింగళ,అజయ-24,ajaya-24,అజయ-24,
38,జయ,,No,వాగ్వల్లభ దుఃఖభంజన,అజరస్కా,ajaraskaa,అజరస్కా ,
39,ననభజగ,,7,మా పట్వర్ధన్,అజిత సత్ప్రియ,ajita-satpriya,అజిత సత్ప్రియ,
40,యరసర,,8,శ్రీ వేంకటేశాయ సహస్రనామ సహస్రఛందమాల - శ్రీతోపెల్ల బాలసుబ్రహ్మణ్య శర్మ & వేగరాజు శ్రీరామ్,అజ్ఞానాకృత,aj~naanaakRta,అజ్ఞానాకృత,
41,నజజయననస,,"7,13",మా.పట్వర్థన్,అతిచపలా చపలా,atichapalaa-chapalaa,అతిచపలా చపలా ,
42,మభలల,,No,వాగ్వల్లభ దుఃఖభంజన,అతిజని,atijani,అతిజని,
43,భసభతజగల,,10,సఆంఋసం వగోకృ,అతిబలశ్రీ,atibalaSree,అతిబలశ్రీ ,
44,జజజరగ,,6,వాగ్వల్లభ దుఃఖభంజన,అతిరంహ,atiraMha,అతిరంహ,
45,సజజనయ,,6,వృర 3.83 2.హేమఛంశా 2-252 3. ఛంకౌ 2-113 భ.నా.శా.,అతిలేఖ,atilaekha,"అతిలేఖ, రేఖ, హేలా, రేఖా",
46,సయరస,,7,వాగ్వల్లభ ,అతివాసికా,ativaasikaa,అతివాసికా,
47,నననననస,,10,1. కవి . 2. మోడేకుర్తి,అతివినయ,ativinaya,"అతివినయ, కవి వినుత 239, అతివినయ",
48,ససతభజగగ,,10,మా.పట్వర్థన్,అతిశాయినీ,atiSaayinee,అతిశాయినీ ,
49,ససజభజగగ,,10,1.వా.వ. 2. ఛం.సార(యతి 11) 3. శకద్రు (యతి 9),అతిశాయినీ-2,atiSaayinee-2,"అతిశాయినీ-2, అతిశాయినీ 740, చిత్రలేఖా 741, యాదవీ",
50,నననననననస,,"11,19",వాగ్వల్లభ దుఃఖభంజన,అతులపులకం,atulapulakaM,అతులపులకం,
51,జజర,,No,వాగ్వల్లభ దుఃఖభంజన,అదనిజా,adanijaa,అదనిజా,
52,సభగ,,No,వాగ్వల్లభ దుఃఖభంజన,అధికారీ,adhikaaree,అధికారీ,
53,మననభసనజయ,,"10,19",వాగ్వల్లభ దుఃఖభంజన,అధీరకరీరం,adheerakareeraM,అధీరకరీరం,
54,భమగ,,No,వాగ్వల్లభ దుఃఖభంజన,అధీరా,adheeraa,అధీరా,
55,నసమమయయ,,12, హేమచంద్ర చంశా 2-312 స్వయంబూ 1-46,అనంగలేఖా,anaMgalaekhaa,అనంగలేఖా,
56,సతనసతగల,,10,సఆంఋసం వగోకృ,అనంత శ్రీ,anaMta-Sree,అనంత శ్రీ ,
57,ననసజగగ,,10,వాగ్వల్లభ దుఃఖభంజన,అనంతదామా,anaMtadaamaa,అనంతదామా,
58,జరరరరస,,11,శ్రీ వేంకటేశాయ సహస్రనామ సహస్రఛందమాల - శ్రీతోపెల్ల బాలసుబ్రహ్మణ్య శర్మ & వేగరాజు శ్రీరామ్,అనంతపద్మ,anaMtapadma,అనంతపద్మ ,
59,తభర,,No,శ్రీ వేంకటేశాయ సహస్రనామ సహస్రఛందమాల - శ్రీతోపెల్ల బాలసుబ్రహ్మణ్య శర్మ & వేగరాజు శ్రీరామ్,అనందనిలయ,anaMdanilaya,అనందనిలయ ,
60,భన,,No,వాగ్వల్లభ దుఃఖభంజన,అనతి,anati,అనతి,
61,రనమసతల,,9,సఆంఋసం వగోకృ,అనల,anala,అనల ,
62,నభభమసలగ,,10,మా.పట్వర్థన్,అనవద్యా,anavadyaa,అనవద్యా ,
63,ననననననలల,,9,వృత్త మౌక్తిక చంద్రశేఖర,అనవధిగుణగణమ్,anavadhiguNagaNam^,అనవధిగుణగణమ్,
64,సభస,,No,వాగ్వల్లభ దుఃఖభంజన,అనవీరా,anaveeraa,అనవీరా,
65,జజజజజజజజ,,13,"1 వా.వ. 2 ఛం.సార 3. వృ.మౌ. 4 ఛందః సమీక్షా 5 ఛందః ప్రదీప, కేశవ్ ఛంద 10,19",అనామయం,anaamayaM,"అనామయం, ముక్తహరా, మాధవీ, చంద్రపదీ, మంజరీ, బామ, వామ, మాధవి,విష్ణు,సురేశ్వర,సుఖదా",
66,రయల,,No,వాగ్వల్లభ దుఃఖభంజన,అనాసాది,anaasaadi,అనాసాది,
67,నయతరగగ,,8,వాగ్వల్లభ దుఃఖభంజన,అనిందగుర్విందుః,aniMdagurviMdu@h,"అనిందగుర్విందుః, గుర్విందుః, పూర్వేందుః",
68,నత,,No,వాగ్వల్లభ దుఃఖభంజన,అనిభృతం,anibhRtaM,"అనిభృతం, అతికలి",
69,సమగగ,,No,వాగ్వల్లభ దుఃఖభంజన,అనిర్భరః,anirbhara@h,అనిర్భరః,
70,నసనతరల,,9,సఆంఋసం వగోకృ,అనిల శ్రీ,anila-Sree,అనిల శ్రీ ,
71,సభతయసగ,,10,వాగ్వల్లభ దుఃఖభంజన,అనిలోహా,anilOhaa,అనిలోహా,
72,నయల,,No,వాగ్వల్లభ దుఃఖభంజన,అను,anu,అను,
73,నసజగ,,7,వాగ్వల్లభ దుఃఖభంజన,అనుచాహికా,anuchaahikaa,అనుచాహికా ,
74,నజజనతజ,,9,ఛం.సార,అనురాగ 1,anuraaga-1,అనురాగ 1,
75,సజతరరగ,,9,మా పట్వర్ధన్,అనురాగ 2,anuraaga-2,అనురాగ 2,
76,సనయననసగ,,10,ఛందోదర్పణ పీఠిక గిడుగు సీతాపతి,అనుసారిణి,anusaariNi,అనుసారిణి,
77,సభగల,,No,వాగ్వల్లభ దుఃఖభంజన,అనృతవర్మ,anRtavarma,"అనృతవర్మ, నృతవర్మ",
78,సరమగ,,7,వాగ్వల్లభ దుఃఖభంజన,అపయోధా,apayOdhaa,"అపయోధా, నీరోహా ",
79,ననరసలగ,,9,200 1. వా.వ. 2.  ఛం.సా కొక్కొండ మా.పట్వర్థన్,అపరాజితము,aparaajitamu,"అపరాజితము, అపరాజితా",
80,మననననననసగగ,,"10,16,22","ల.సా.సం.చి.పె. నాగ. అప్పక. (యతి 10,16) , 200 1. వాగ్వల్లభ 2. ఛం.కౌ(యతి 10,15,19) 3.లక్షణ. నాగ. ( యతి 9,15,21) 4. శ.క.ద్రు .రణపింగళ మా పట్వర్ధన్",అపవాహ,apavaaha,"అపవాహ, వరాహ, వరాహము",
81,నమలల,,No,వాగ్వల్లభ దుఃఖభంజన,అప్రీతా,apreetaa,"అప్రీతా, ప్రీతా, అతిప్రీతా, అలిప్రీతా",
82,సమ,,No,వాగ్వల్లభ దుఃఖభంజన,అభిఖ్యా,abhikhyaa,అభిఖ్యా ,
83,సససజరగ,,10,వాగ్వల్లభ దుఃఖభంజన,అభిదాత్రీ,abhidaatree,అభిదాత్రీ,
84,నసమత,,8,మా.పట్వర్థన్,అభినవలవత,abhinavalavata,అభినవలవత,
85,తజయ,,No,మా.పట్వర్థన్,అభిరామా,abhiraamaa,అభిరామా,
86,తననలగ,,7,భ.నా.శా. మా.పట్వర్థన్,అభిహతా,abhihataa,"అభిహతా, ముఖచపలా ",
87,యయగ,,No,1.వా.వ. 2. లక్షణ . అప్పక .,అభీకం లోల,abheekaM-lOla,అభీకం లోల,
88,జరతరజగ,,11,శ్రీ వేంకటేశాయ సహస్రనామ సహస్రఛందమాల - శ్రీతోపెల్ల బాలసుబ్రహ్మణ్య శర్మ & వేగరాజు శ్రీరామ్,అభీరదృష్ట,abheeradRshTa,అభీరదృష్ట,
89,నభభభగ,,9,మా.పట్వర్థన్,అభ్యుదితా,abhyuditaa,అభ్యుదితా ,
90,రనజనరజ,,10,సఆంఋసం వగోకృ,అభ్ర,abhra,అభ్ర ,
91,తనమసననననగ,,13,వాగ్వల్లభ దుఃఖభంజన,అభ్ర భ్రమణం,abhra-bhramaNaM,అభ్ర భ్రమణం,
92,తభజజగ,,9,ఛందోనుశాసనం  మా.పట్వర్థన్,అభ్రక,abhraka,అభ్రక ,
93,భసజగగ,,7,వాగ్వల్లభ ,అమందపాదః,amaMdapaada@h,అమందపాదః ,
94,ససలల,,No,వాగ్వల్లభ దుఃఖభంజన,అమనా,amanaa,అమనా,
95,తభగల,,No,వాగ్వల్లభ దుఃఖభంజన,అమరంది,amaraMdi,అమరంది,
96,నననననననలగ,,"10,16",వాగ్వల్లభ మా పట్వర్ధన్,అమరచమరీ మాధ్వీ,amarachamaree-maadhvee,అమరచమరీ మాధ్వీ,
97,ననసనన,,9,మా.పట్వర్థన్,అమలకమలరుచి,amalakamalaruchi,అమలకమలరుచి ,
98,జరగల,,No,వాగ్వల్లభ దుఃఖభంజన,అమానిక,amaanika,అమానిక,
99,యయమగగ,,7,వాగ్వల్లభ రణపింగళ,అమాలీనమ్,amaaleenam^,"అమాలీనమ్, మాలతీమాల",
100,నతనలగ,,7,"వృరక జయదామన్, రణపింగళ",అమువిలాస,amuvilaasa,"అమువిలాస, అంశువిలాస",
101,నజనగ,,6,మోడేకుర్తి 1. వా.వ. 2.  ఛం.సా 3.వృ.మౌ.చాం. మా.పట్వర్థన్,అమృత గతి,amRta-gati,"అమృత గతి, అమృతగతిః, త్వరితగతిః, మృగలతికా 162, త్వరితగతి 163, అమృతగతి",
102,జరమగగ,,7,200,అమోఘమాలిక 1,amOghamaalika-1,అమోఘమాలిక 1,
103,జరయగగ,,7,రణపింగళ,అమోఘమాలిక 2,amOghamaalika-2,అమోఘమాలిక 2,
104,తతరజరలగ,,11,శ్రీ వేంకటేశాయ సహస్రనామ సహస్రఛందమాల - శ్రీతోపెల్ల బాలసుబ్రహ్మణ్య శర్మ & వేగరాజు శ్రీరామ్,అమ్నాయసూక్తి,amnaayasookti,అమ్నాయసూక్తి,
105,మరల,,No,వాగ్వల్లభ దుఃఖభంజన,అమ్మేథీ,ammaethee,అమ్మేథీ,
106,యనల,,No,వాగ్వల్లభ దుఃఖభంజన,అయతి,ayati,"అయతి, అహతి",
107,మనమ,,No,వాగ్వల్లభ దుఃఖభంజన,అయనపతాక,ayanapataaka,అయనపతాక,
108,సససససససగ,,12,వాగ్వల్లభ రణపింగళ,అయమానం,ayamaanaM,"అయమానం, హరితకీ",
109,నభ,,No,వాగ్వల్లభ దుఃఖభంజన,అయమితం,ayamitaM,అయమితం,
110,నజజభర,,10,ఛందోనుశాసనం,అరవింద,araviMda,"అరవింద, కలభాషిణీ ",
111,ససససససససల,,13,ఛం.సార 2. ఛందః సమీక్షా కేశవ్ రణపింగళ,అరవింద 2,araviMda-2,"అరవింద 2, సుధారవిందో, మాననీ అరవిందముఖీ ",
112,భభభభభభభర,,13,"ఛం.సార, ఛందః సమీక్షా కేశవ్ ఛంద, ఛంప్ర. (13)",అరసాత,arasaata,"అరసాత, అలసా మకరంద 1",
113,జజలగ,,No,వాగ్వల్లభ దుఃఖభంజన,అరాళి,araaLi,అరాళి,
114,భనలగ,,No,వాగ్వల్లభ దుఃఖభంజన మా.పట్వర్థన్ భ.నా.శా.,అరి,ari,"అరి, అమరనదీ, సురనదీ, నదీ",
115,ససతనననననలగ,,"9,19",రణపింగళ,అరిదమన,aridamana,"అరిదమన, అరిదళన",
116,సభభభ,,7,రణపింగళ,అరిలా,arilaa,అరిలా,
117,తసభనతగ,,9,సఆంఋసం వగోకృ,అరుణశ్రీ,aruNaSree,అరుణశ్రీ,
118,నజభభభభజర,,13,మా.పట్వర్థన్,అర్కమరీచి,arkamareechi,అర్కమరీచి ,
119,రజరజగగ,,8,వాగ్వల్లభ దుఃఖభంజన,అర్కశేషా,arkaSaeshaa,అర్కశేషా,
120,రభతగగ,,8,ఛందస్కలావతీ,అర్చనా,archanaa,అర్చనా ,
121,తభలగ,,No,శ్రీ వేంకటేశాయ సహస్రనామ సహస్రఛందమాల - శ్రీతోపెల్ల బాలసుబ్రహ్మణ్య శర్మ & వేగరాజు శ్రీరామ్,అర్చిష్మతే,archishmatae,"అర్చిష్మతే, అర్చిష్మతి ",
122,భసరస,,7,వాగ్వల్లభ దుః ,అర్జితఫలికా,arjitaphalikaa,అర్జితఫలికా,
123,రయసనజగల,,9,సఆంఋసం వగోకృ,అర్ణచ్ఛట,arNachChaTa,అర్ణచ్ఛట ,
124,భనజలగ,,8,వాగ్వల్లభ ,అర్థశిఖా,arthaSikhaa,అర్థశిఖా,
125,తతతతతత,,11,వాగ్వల్లభ రణపింగళ,అర్థాం,arthaaM,"అర్థాం, అర్థాంద్ధాం, తరాలాపి ఛేల",
126,భభభభభభనయ,,"10,19",వాగ్వల్లభ  ,అర్దితం,arditaM,"అర్దితం, నర్దితం",
127,రనజయ,,10,మోడేకుర్తి లక్షణ శిరోమణీ,అర్దితపాదం,arditapaadaM,అర్దితపాదం,
128,ససస,,No,1. వాగ్వల్లభ 2. మోడేకుర్తి సునందినీ పరిణయము కో.శ్రీ మా.పట్వర్థన్,అర్ధకలా శాప,ardhakalaa-Saapa,"అర్ధకలా శాప, సౌమ్యమతి ",
129,మరర,,No,శ్రీ వేంకటేశాయ సహస్రనామ సహస్రఛందమాల - శ్రీతోపెల్ల బాలసుబ్రహ్మణ్య శర్మ & వేగరాజు శ్రీరామ్,అర్ధదాత్రే,ardhadaatrae,అర్ధదాత్రే ,
130,భసనయ,,7,1. వాగ్వల్లభ 2. ఛం.సార,అర్పితమదనా,arpitamadanaa,"అర్పితమదనా, మదనారి 459 ",
131,భతనతనమసగ,,13,వాగ్వల్లభ ,అర్భకమాలా,arbhakamaalaa,అర్భకమాలా,
132,రజభజయలల,,9,సఆంఋసం వగోకృ,అర్యమ,aryama,అర్యమ,
133,తభరసలగ,,7,వాగ్వల్లభ దుఃఖభంజన,అలకాళికా,alakaaLikaa,"అలకాళికా, అలికాళకా",
134,నసనభయ,,10,200 కొక్కొండ,అలసగతి,alasagati,అలసగతి ,
135,సయల,,No,వాగ్వల్లభ దుఃఖభంజన,అలాలాపి,alaalaapi,అలాలాపి,
136,మసమభగగ,,7,మా.పట్వర్థన్,అలోలా,alOlaa,అలోలా,
137,యయయయయయలగ,,13,వాగ్వల్లభ దుఃఖభంజన,అవంధ్యోపచారః,avaMdhyOpachaara@h,అవంధ్యోపచారః,
138,భనజర,,8,వాగ్వల్లభ ,అవిరళరతికా,aviraLaratikaa,అవిరళరతికా,
139,సనజలగ,,8,సునందినీ పరిణయము కో.శ్రీ,అశుగ,aSuga,అశుగ,
140,జరజరజరజగ,,12,రూపగోస్వామి (కావ్యమాల నుండి),అశోకకుసుమ మంజరి,aSOkakusuma-maMjari,అశోకకుసుమ మంజరి ,
141,ననరజగ,,8,వాగ్వల్లభ దుఃఖభంజన,అశోకపుష్పకం,aSOkapushpakaM,"అశోకపుష్పకం, అశోకం",
142,మమమమతరమ,,14,వాగ్వల్లభ దుఃఖభంజన,అశోకలోకః,aSOkalOka@h,అశోకలోకః,
143,నసనగగ,,7,మా.పట్వర్థన్ భ.నా.శా.,అశోకా గతవిశోకా,aSOkaa-gataviSOkaa,అశోకా గతవిశోకా ,
144,మభనభనరతతగగ,,"10,16",వాగ్వల్లభ దుఃఖభంజన,అశోకానోకహం,aSOkaanOkahaM,అశోకానోకహం,
145,భభభభభస,,13,1. వా.వ 2.ఛం.సార (యతి 11) 3.శ.క.ద్రు. ఛంప్ర. (10),అశ్వ గతిః,aSva-gati@h,"అశ్వ గతిః, తీవ్ర అశ్వగతి 412, అశ్వగతిః 413 ",
146,భభభభభగ,,10,"200 1.ఛం.సార 2.శ.క.ద్రు. 3. వాగ్వల్లభ కేశవ్ కొక్కొండ, ఛందః ప్రదీప పింగళప్రకాశ్",అశ్వగతి నీల,aSvagati-neela,"అశ్వగతి నీల, విశ్వగతి, అశ్వగతిః, ఖగతిః, విశేషికా, పద్మముఖీ, మనహరణ,అశ్వాక్రాంత, సంగత",
147,నజభజభజభగ,,13,భ.నా.శా.,అశ్వలలిత,aSvalalita,అశ్వలలిత ,
148,నజభజభజభలగ,,13,200 1.వా.వ. 2.ఛం.సా. రణపింగళ,అశ్వలలిత 1,aSvalalita-1,"అశ్వలలిత 1, అద్రితనయా 175, అశ్వలలితా",
149,నజభజభజజలగ,,12,హేమచంద్ర చందోనుశాసనం జయదామన్ 2-358 క్రింది వ్యాఖ్య,అశ్వలలిత 2,aSvalalita-2,అశ్వలలిత 2,
150,భతస,,No,శ్రీ వేంకటేశాయ సహస్రనామ సహస్రఛందమాల - శ్రీతోపెల్ల బాలసుబ్రహ్మణ్య శర్మ & వేగరాజు శ్రీరామ్,అష్టక,ashTaka,"అష్టక, అష్టకకుభ్య్వాప్త ",
151,మనతసరభజయ,,"9,17",200,అష్టమూర్తి,ashTamoorti,అష్టమూర్తి ,
152,తమస,,No,శ్రీ వేంకటేశాయ సహస్రనామ సహస్రఛందమాల - శ్రీతోపెల్ల బాలసుబ్రహ్మణ్య శర్మ & వేగరాజు శ్రీరామ్,అష్ఠశ్రియా,ashThaSriyaa,"అష్ఠశ్రియా, అష్ఠశ్రేయా ",
153,మతనసగ,,6,మంమచం 18-4,అసంబంధా,asaMbaMdhaa,అసంబంధా ,
154,మతనసగగ,,12,200 వాగ్వల్లభ దుఃఖభంజన HCS 2.230 Y 6 భ.నా.శా.,అసంబాధ,asaMbaadha,అసంబాధ ,
155,సనసగ,,7,రణపింగళ,అసితధారా,asitadhaaraa,అసితధారా,
156,ననసగ,,7,వాగ్వల్లభ దుఃఖభంజన,అసితధారా 2,asitadhaaraa-2,"అసితధారా 2, తనిమా, సుజన కలిత",
157,జరయయ,,7,వాగ్వల్లభ ,అసుధారా,asudhaaraa,"అసుధారా, అస్రధారా",
158,నసల,,No,.1. వా.వ. 2. వృ.మౌ.చం.. మా.పట్వర్ధన్,అహరి,ahari,"అహరి, కరహంతృ, కరహంచి, కరభీర",
159,భభభభభభమ,,13,ఛం.సార  ఛంప్ర. రణపింగళ,అహి,ahi,అహి,
160,రయగ,,No,వాగ్వల్లభ దుఃఖభంజన,అహింసా,ahiMsaa,అహింసా,
161,ననభజలగ,,8,వృత్తమౌక్తిక,అహిధృతి,ahidhRti,అహిధృతి ,
162,తసజగ,,7,వాగ్వల్లభ దుఃఖభంజన,అహిళా,ahiLaa,అహిళా ,
163,రసజతస,,9,శ్రీ వేంకటేశాయ సహస్రనామ సహస్రఛందమాల - శ్రీతోపెల్ల బాలసుబ్రహ్మణ్య శర్మ & వేగరాజు శ్రీరామ్,ఆంజనేయ,aaMjanaeya,ఆంజనేయ,
164,తతరగ,,6,మోడేకుర్తి,ఆందోళిక,aaMdOLika,ఆందోళిక,
165,జతలల,,No,వాగ్వల్లభ దుఃఖభంజన,ఆకతను,aakatanu,ఆకతను,
166,నరలల,,No,వాగ్వల్లభ దుఃఖభంజన,ఆకలి,aakali,ఆకలి,
167,తనస,,No,వాగ్వల్లభ దుఃఖభంజన,ఆకేకరం,aakaekaraM,ఆకేకరం,
168,సససభనతత,,13,సీమంతినీ కో.శ్రీ  ,ఆఖేట,aakhaeTa,ఆఖేట ,
169,రజలల,,No,వాగ్వల్లభ దుఃఖభంజన,ఆఖేటం,aakhaeTaM,ఆఖేటం,
170,రభసజనగల,,9,సఆంఋసం వగోకృ,ఆదిశేష,aadiSaesha,ఆదిశేష,
171,యమయయ,,7,వాగ్వల్లభ ,ఆధిదైవీ,aadhidaivee,ఆధిదైవీ,
172,సతయభనననయ,,"11,19",లక్షణ శిరోమణి,ఆనంద,aanaMda,ఆనంద,
173,తరమజగగ,,8,మా పట్వర్ధన్,ఆనందకంద,aanaMdakaMda,"ఆనందకంద, వైశాఖ ",
174,తతనరగ,,6,మా.పట్వర్థన్,ఆనందశబ్ద,aanaMdaSabda,ఆనందశబ్ద,
175,మనరరగ,,9,వాగ్వల్లభ దుఃఖభంజన,ఆనతా,aanataa,ఆనతా,
176,రనసతమ,,11,వాగ్వల్లభ దుఃఖభంజన,ఆనద్ధం,aanaddhaM,ఆనద్ధం,
177,భతయసగ,,10,వాగ్వల్లభ దుఃఖభంజన,ఆననమూలం,aananamoolaM,ఆననమూలం,
178,భననసమనననలగ,,15,హేమచంద్ర 2-378,ఆపీడ,aapeeDa,ఆపీడ,
179,తతతతతతతత,,13,ఛం.సార మా పట్వర్ధన్ ఛందః సమీక్ష,ఆభార,aabhaara,ఆభార,
180,యయయయతతతతగగ,,"13,22",వాగ్వల్లభ దుఃఖభంజన,ఆభాసమానం,aabhaasamaanaM,ఆభాసమానం,
181,భభనజయగ,,11,వాగ్వల్లభ ,ఆరభటీ,aarabhaTee,ఆరభటీ,
182,తమమగగ,,7,వాగ్వల్లభ దుఃఖభంజన,ఆరాధినీ,aaraadhinee,ఆరాధినీ,
183,యన,,No,వాగ్వల్లభ దుఃఖభంజన,ఆర్తి,aarti,ఆర్తి,
184,రజ,,No,వాగ్వల్లభ దుఃఖభంజన,ఆర్ధ్రవరి,aardhravari,ఆర్ధ్రవరి,
185,మసమభగగ,,8,1. వాగ్వల్లభ 2. ఛం.సార మా.పట్వర్థన్,ఆలోలా,aalOlaa,"ఆలోలా, లోలా 589",
186,మర,,No,వాగ్వల్లభ దుఃఖభంజన,ఆవోఢా,aavODhaa,ఆవోఢా ,
187,మభసలగ,,5,వాగ్వల్లభ మా.పట్వర్థన్,ఆశాపాదః,aaSaapaada@h,ఆశాపాదః ,
188,భతతతస,,9,మా పట్వర్ధన్,ఇందుముఖి,iMdumukhi,ఇందుముఖి,
189,నజరజభగ,,10,ఛందోనుశాసనం,ఇందుముఖీ 2,iMdumukhee-2,"ఇందుముఖీ 2, చింతామణి",
190,తనభగ,,6,రణపింగళ,ఇందుముఖీ 3,iMdumukhee-3,"ఇందుముఖీ 3, చంద్రముఖీ",
191,జజయగ,,6,వాగ్వల్లభ దుఃఖభంజన,ఇంద్ర,iMdra,"ఇంద్ర, తాంద్రీ ",
192,భతనమభననగగ,,13,వాగ్వల్లభ దుఃఖభంజన,ఇంద్ర విమానం,iMdra-vimaanaM,ఇంద్ర విమానం,
193,భమగగ,,No,వాగ్వల్లభ దుఃఖభంజన,ఇంద్రఫలా,iMdraphalaa,"ఇంద్రఫలా, ఇంద్రబలా",
194,తతజర,,8,200 1. కవి కావ్యా. అనం. లక్షణ.  అప్పక. నాగ 2. వా.వ మా.పట్వర్థన్,ఇంద్రవంశము,iMdravaMSa-1,"ఇంద్రవంశము, వీరాసికా, ఇంద్రవంశా",
195,తతజగగ,,8,200 మా.పట్వర్థన్ భ.నా.శా.,ఇంద్రవజ్ర,iMdravajra,ఇంద్రవజ్ర ,
196,తభ,,No,వాగ్వల్లభ పింగళశిరోమణి ,ఇంధీ,iMdhee,"ఇంధీ, చూడామణి",
197,మయగ,,No,వాగ్వల్లభ దుఃఖభంజన,ఇభభ్రాంతా,ibhabhraaMtaa,ఇభభ్రాంతా,
198,సజననస,,8,200 మా.పట్వర్థన్,ఇల సహచరీ,ila-sahacharee,ఇల సహచరీ ,
199,తనలగ,,No,వాగ్వల్లభ దుఃఖభంజన,ఈడా,eeDaa,"ఈడా, ఈలా",
200,భయ,,No,వాగ్వల్లభ లక్షణ అప్పక. శశికాంతం నాగ,ఈతిః,eeti@h,"ఈతిః, చంద్రవదన",
201,రజరజరజగల,,13,1.వాగ్వల్లభ  2.మోడేకుర్తి 3.వృ.మౌ.చం. ౩ పింగళ పీయూష 4 ఛందఃప్రదీప 1884 రూపగోస్వామి,ఈదృశం,eedRSaM,"ఈదృశం, దండికా, గండకా, రాండకా, వృత్తికా, చండికా, ఇంద్రశ, చిత్రవృత్త, గండకీ, లక్షణ",
202,తభతగగ,,7,వాగ్వల్లభ దుఃఖభంజన,ఈహామృగీ,eehaamRgee,ఈహామృగీ,
203,భనజజజనననగగ,,13,వాగ్వల్లభ ,ఉంజితకదనం,uMjitakadanaM,ఉంజితకదనం,
204,భజగ,,No,"వాగ్వల్లభ దుఃఖభంజన,వాగ్వల్లభ భ.నా.శా.",ఉందరి,uMdari,"ఉందరి, ఉన్దరి,పంచమగతి",
205,రరతరలగ,,10,శ్రీ వేంకటేశాయ సహస్రనామ సహస్రఛందమాల - శ్రీతోపెల్ల బాలసుబ్రహ్మణ్య శర్మ & వేగరాజు శ్రీరామ్,ఉగ్రసేన,ugrasaena,ఉగ్రసేన ,
206,ననభర,,7,"వృరక, 1.వాగ్వల్లభ 2. మో.ఆం. మా.పట్వర్థన్ 3-177",ఉజ్జ్వలా,ujjvalaa,ఉజ్జ్వలా ,
207,నజభజనస,,10,"హరవిజయ, రాజానక కృతం మా.పట్వర్థన్",ఉడుపథ ఉడుపధి,uDupatha-uDupadhi,ఉడుపథ ఉడుపధి,
208,తజరజనసరర,,"11,19",వాగ్వల్లభ దుఃఖభంజన,ఉత్కటపట్టికా,utkaTapaTTikaa,ఉత్కటపట్టికా,
209,భరనభభరలగ,,10,"200, హేమచంద్ర మా.పట్వర్థన్ సఆంఋసం వగోకృ",ఉత్పలమాల,utpalamaala,"ఉత్పలమాల, కామలతా, శమీ",
210,రజజతరల,,9,సఆంఋసం వగోకృ,ఉదక,udaka,ఉదక,
211,భజస,,No,మా.పట్వర్థన్,ఉదయ,udaya,ఉదయ ,
212,ససమ,,No,వాగ్వల్లభ దుఃఖభంజన మా.పట్వర్థన్,ఉదరశ్రీ,udaraSree,"ఉదరశ్రీ, ఉదరస్రక్, ఉదరాసృక్, తార ",
213,సనయగగ,,7,1. వాగ్వల్లభ 2. ఛం.సార,ఉదితదినేశము,uditadinaeSamu,"ఉదితదినేశము, హిత",
214,తతనగగ,,6,వాగ్వల్లభ దుఃఖభంజన,ఉదితవిజోహా,uditavijOhaa,ఉదితవిజోహా,
215,సజససజగ,,8,భరత నాట్య 32.313,ఉద్గతా,udgataa,ఉద్గతా,
216,రనగ,,No,మోడేకుర్తి,ఉద్ధత బహులయా,uddhata-bahulayaa,ఉద్ధత బహులయా,
217,మయమగగ,,8,వాగ్వల్లభ దుఃఖభంజన,ఉద్ధతికరీ,uddhatikaree,ఉద్ధతికరీ,
218,మభనన,,5,మా.పట్వర్థన్,ఉద్యాద్విద్యుత,udyaadvidyuta,ఉద్యాద్విద్యుత ,
219,భభససలగ,,7,వాగ్వల్లభ  ,ఉన్నర్మ,unnarma,ఉన్నర్మ,
220,తనసగ,,6,వాగ్వల్లభ దుఃఖభంజన,ఉన్నాళం,unnaaLaM,ఉన్నాళం ,
221,మజససస,,10,మా.పట్వర్థన్,ఉన్మాల్యా,unmaalyaa,ఉన్మాల్యా,
222,సజజభగల,,9,వాగ్వల్లభ దుఃఖభంజన,ఉపకారికా,upakaarikaa,ఉపకారికా,
223,సససలగ,,7,వాగ్వల్లభ ఛం.సమీక్షా మా.పట్వర్థన్,ఉపచిత్రం,upachitraM,"ఉపచిత్రం, సుచిత్రం, విదుష్యపవిత్రం, విదుషీ ",
224,ననర,,No,"మా.పట్వర్థన్, ప్రహ్లాద నాటకం అయినాపురపు సోమేశ్వర రావు",ఉపచ్యుత,upachyuta,"ఉపచ్యుత, వినుత గత్తు ",
225,రజసలగ,,7,1. వాగ్వల్లభ 2. ఛం.సా ఛంప్ర. మా.పట్వర్థన్,ఉపదారికా,upadaarikaa,"ఉపదారికా, ధృతా 655",
226,జనజయ,,9,వాగ్వల్లభ ,ఉపధానమ్,upadhaanam^,ఉపధానమ్,
227,భనసగ,,7,వాగ్వల్లభ  ,ఉపధాయ్యా,upadhaayyaa,ఉపధాయ్యా ,
228,ననతభర,,9,"1. ఛం.సార, కవిదర్పణ 2.వృ.మౌ.చం./౩. వృరనా మా.పట్వర్థన్",ఉపమాలినీ,upamaalinee,"ఉపమాలినీ, ప్రియా, రూపమాలినీ",
229,సరమగగ,,7,రణపింగళ,ఉపయోధా,upayOdhaa,ఉపయోధా,
230,నరలగ,,No,వాగ్వల్లభ దుఃఖభంజన మా.పట్వర్థన్,ఉపలినీ,upalinee,"ఉపలినీ, కృతవలీ, సుమాలతీ",
231,సభనర,,7,వాగ్వల్లభ దుఃఖభంజన,ఉపలేఖా,upalaekhaa,ఉపలేఖా,
232,నసనలగ,,7,ఛందో వల్లరీ,ఉపవిత్రము,upavitramu,ఉపవిత్రము,
233,సజతగ,,6,వాగ్వల్లభ దుఃఖభంజన,ఉపసంకులా,upasaMkulaa,ఉపసంకులా ,
234,జసతసగ,,7,వృర జయ 3-70.2 భనాశా మా.పట్వర్థన్,ఉపస్థిత వ్యవస్థిత,upasthita-vyavasthita,ఉపస్థిత వ్యవస్థిత,
235,జసతగగ,,7,వాగ్వల్లభ ఛం.సమీక్షా భిఖారీదాస్ మా.పట్వర్థన్,ఉపస్థితం,upasthitaM,"ఉపస్థితం, శేష, శిఖండితం1, పయస్థిత ప్రతిష్టిత",
236,తజజగగ,,8,200 వృరక 79 మా.పట్వర్థన్,ఉపస్థితము,upasthitamu,"ఉపస్థితము, సముపస్థితా",
237,మననననతమసగగ,,"10,16",అగ్నిపురాణం,ఉపహార,upahaara,ఉపహార ,
238,సభసగగ,,5,వాగ్వల్లభ దుఃఖభంజన,ఉపహితచండీ,upahitachaMDee,ఉపహితచండీ,
239,జతజగగ,,8,200 మా.పట్వర్థన్ భ.నా.శా.,ఉపేంద్రవజ్ర,upaeMdravajra,ఉపేంద్రవజ్ర,
240,జజల,,No,వాగ్వల్లభ దుఃఖభంజన,ఉపోదరి,upOdari,ఉపోదరి,
241,రనరనరనరలగ,,13,"జయకీర్తి చంశా 2-251, కవిదర్పణ 4-95 హేమఛంశా 2-362 రణపింగళ",ఉరుతరంగ మాలిక,urutaraMga-maalika,"ఉరుతరంగ మాలిక, చిత్రక కాళికా",
242,మతసమగ,,10,వాగ్వల్లభ దుఃఖభంజన,ఉల్కాభాసః,ulkaabhaasa@h,ఉల్కాభాసః,
243,తతరరలగ,,8,మా పట్వర్ధన్,ఉషా,ushaa,ఉషా,
244,యతగ,,No,వాగ్వల్లభ దుఃఖభంజన,ఊపికం,oopikaM,ఊపికం,
245,రభస,,No,శ్రీ వేంకటేశాయ సహస్రనామ సహస్రఛందమాల - శ్రీతోపెల్ల బాలసుబ్రహ్మణ్య శర్మ & వేగరాజు శ్రీరామ్,ఊర్ధ్వమూర్ద్నే,oordhvamoordnae,ఊర్ధ్వమూర్ద్నే ,
246,నతతరగ,,8,1.మోడేకుర్తి 2.హై.ఛం.శా.,ఊర్వశి 2,oorvaSi-2,"ఊర్వశి 2, క్షమా 2",
247,రసయజజ,,9,వాగ్వల్లభ దుఃఖభంజన,ఊహినీ,oohinee,ఊహినీ,
248,సజజరగ,,8,రణపింగళ,ఋక్షపాద,Rkshapaada,ఋక్షపాద,
249,జయల,,No,వాగ్వల్లభ దుఃఖభంజన,ఋచా,Rchaa,ఋచా,
250,ననసల,,7,వాగ్వల్లభ దుఃఖభంజన,ఋతం,RtaM,ఋతం ,
251,భమసతయభగగ,,"6,11,16",ప్రహ్లాద నాటకం అయినాపురపు సోమేశ్వర రాయ,ఋతు వల్లరి,Rtu-vallari,ఋతు వల్లరి,
252,భరనననగ,,8,200 1. వాగ్వల్లభ 2. లక్షణ. అప్పక. (యతి 7) శ.క.ద్రు మా.పట్వర్థన్ భ.నా.శా.,ఋషభ,Rshabha,"ఋషభ, గజవిలసితం - 1, గజవిలసిత 3, భ్రమరపదకం 2",
253,మభజగగ,,8,200,ఏకరూప,aekaroopa,ఏకరూప ,
254,భజనజల,,7,పింగళ పీయూష,ఏకావళీ,aekaavaLee,ఏకావళీ,
255,సజననయ,,10,1.వాగ్వల్లభ 2. శబ్దకల్పద్రుమ (6 యతి HCS 2.252) మంమచం,ఏలా,aelaa,"ఏలా, మేలా, శరదశయ, రేఖా",
256,సజనననయ,,13,మా.పట్వర్థన్,ఏలా 2,aelaa-2,ఏలా 2,
257,మరరరరరరగ,,"10,17",వాగ్వల్లభ దుఃఖభంజన,కంకణ క్వాణవాణీ,kaMkaNa-kvaaNavaaNee,కంకణ క్వాణవాణీ,
258,రరరరరరరగ,,"10,17",వాగ్వల్లభ రణపింగళ,కంకణక్వాణః,kaMkaNakvaaNa@h,"కంకణక్వాణః, సర్వగామీ, కేకనీ",
259,జమ,,No,వాగ్వల్లభ దుఃఖభంజన,కంజా,kaMjaa,కంజా ,
260,భనజజర,,8,ఛం.సార,కంజావలీ,kaMjaavalee,"కంజావలీ, పంకావలీ, ఏకావలీ",
261,భనజజల,,7,"ప్రా.పైం 2-148 ఛంప్ర. పే 160, ఛందప్రకాశ రఘునందన్ మా.పట్వర్థన్",కంజావళీ,kaMjaavaLee,"కంజావళీ, పంకజ వాటికా",
262,భభగ,,No,వాగ్వల్లభ ,కంటక,kaMTaka,కంటక ,
263,మయయయ,,7,పింగళ ప్రకాశ,కంఠభూషణ,kaMThabhooshaNa,కంఠభూషణ,
264,నయసగగ,,7,200 మా.పట్వర్థన్,కంఠీరవము సురపతి,kaMTheeravamu-surapati,కంఠీరవము సురపతి ,
265,యయయయల,,8,200 మా పట్వర్ధన్,కంద,kaMda,కంద ,
266,తరసరయ,,9,మా పట్వర్ధన్,కందర్ఫ,kaMdarpha,కందర్ఫ ,
267,భమసగగ,,7,వాగ్వల్లభ దుఃఖభంజన,కందవినోదః,kaMdavinOda@h,కందవినోదః,
268,యయయయగ,,8,200 రణపింగళ మా పట్వర్ధన్,కందుక,kaMduka,కందుక ,
269,మరజమజరస,,11,శ్రీ వేంకటేశాయ సహస్రనామ సహస్రఛందమాల - శ్రీతోపెల్ల బాలసుబ్రహ్మణ్య శర్మ & వేగరాజు శ్రీరామ్,కంసగ్రీవం,kaMsagreevaM,"కంసగ్రీవం, కంసగ్రీవా ",
270,మభ,,No,వాగ్వల్లభ దుఃఖభంజన,కంసరి,kaMsari,కంసరి,
271,యమల,,No,వాగ్వల్లభ దుఃఖభంజన,కంసాసారీ,kaMsaasaaree,కంసాసారీ ,
272,సజగ,,No,వాగ్వల్లభ దుఃఖభంజన,కగోద్గతా,kagOdgataa,కగోద్గతా,
273,యర,,No,వాగ్వల్లభ దుఃఖభంజన,కచ్ఛపీ,kachChapee,కచ్ఛపీ ,
274,జసజగ,,7,మా.పట్వర్థన్,కటాక్షలలితా,kaTaakshalalitaa,కటాక్షలలితా ,
275,భనజ,,No,వాగ్వల్లభ ,కఠినాస్థి,kaThinaasthi,"కఠినాస్థి, అహీరి",
276,నరజతగ,,7,వాగ్వల్లభ దుఃఖభంజన,కఠినీ,kaThinee,కఠినీ,
277,నసజతగ,,7,వాగ్వల్లభ దుఃఖభంజన,కఠినీ 2,kaThinee-2,కఠినీ 2,
278,యనయగగ,,8,వాగ్వల్లభ దుఃఖభంజన,కడారము,kaDaaramu,కడారము,
279,తరభనజభర,,15,హేమచంద్ర 2-346 రత్నమంజూష 7-13 మా.పట్వర్థన్,కథాగతి,kathaagati,కథాగతి,
280,మభసస,,6,మా.పట్వర్థన్,కనక,kanaka,కనక ,
281,జతసలగ,,6,వాగ్వల్లభ దుఃఖభంజన,కనక కామినీ,kanaka-kaaminee,కనక కామినీ,
282,ననతసగ,,9,మా.పట్వర్థన్ హేమ 2.213,కనక గౌరీ,kanaka-gauree,"కనక గౌరీ, గౌరి1",
283,నరరలగ,,7,"1.వా.వ. 2. ఛం.సార 3.నెట్ , వృత్తదర్పణ్ ఛంప్ర. సర్వసమవృత్త ప్రభావః సివిరమణ మైసూర్ విచార చంద్రోదయ, రూపగోస్వామి శ్రీ.భాగవతం శ్రీపాద.కృ.శా.",కనకమంజరి,kanakamaMjari,"కనకమంజరి, ఇందిర, భావిని, భామిని, ఇందిరా కుసుమమాలికా, శుద్ధకామదా, సమ్మత, లలితా, సమ్మత",
284,రనరనరనర,,13,"1.వాగ్వల్లభ 2. మోడేకుర్తి(10 యతి) 3. వృ.మౌ.చం. 4.హేమచంద్ర 2-352 5.జయకీర్తి 2-242 మం మ చం, 19-17 రణపింగళ",కనకమాలికా,kanakamaalikaa,"కనకమాలికా, సురనర్తకీ, మంజరీ, తరంగ, తరంగమాలిక",
285,ననననననస,,13,200,కనకలత 1,kanakalata-1,కనకలత 1,
286,ననననననలగ,,13,మందార మరంద చంపూ 19 పుట-11 పంక్తి రణపింగళ,కనకలత 2,kanakalata-2,కనకలత 2,
287,నననననననలల,,"10,16",వృత్తమౌక్తిక,కనకవలయ,kanakavalaya,కనకవలయ ,
288,తసయయల,,7,రణపింగళ,కనీయ,kaneeya,"కనీయ, కనైయా",
289,మగ,,No,మోడేకుర్తి ,కన్య,kanya,కన్య ,
290,నయసరజనర,,13,శ్రీ వేంకటేశాయ సహస్రనామ సహస్రఛందమాల - శ్రీతోపెల్ల బాలసుబ్రహ్మణ్య శర్మ & వేగరాజు శ్రీరామ్,కపిస్వామి,kapisvaami,"కపిస్వామి, కపి విగ్రహాయ ",
291,రనభతనభ,,10,సఆంఋసం వగోకృ,కబద్ధ వృత్తము,kabaddha-vRttamu,కబద్ధ వృత్తము,
292,సయ,,No,వాగ్వల్లభ దుఃఖభంజన,కమనీ,kamanee,కమనీ ,
293,నజజగ,,6,మోడేకుర్తి,కమల,kamala,కమల,
294,ననననననననలల,,"13,19",వృత్తమౌక్తిక,కమలదళ 2,kamaladaLa-2,కమలదళ 2,
295,నననజసగ,,10,జయకీర్తి ఛంశా 2.20 2.హేమచంద్ర ఛంశా  2.272 ,కమలదళము,kamaladaLamu,"కమలదళము, లలితపద",
296,నయనయభగ,,11,వాగ్వల్లభ దుఃఖభంజన,కమలపరం,kamalaparaM,కమలపరం,
297,మసభమసగ,,8,పింగళ ప్రకాశ,కమలబంధ,kamalabaMdha,కమలబంధ,
298,నయనలగ,,7,మా.పట్వర్థన్ వాగ్వల్లభ భ.నా.శా.,కమలలతాక్షి,kamalalataakshi,"కమలలతాక్షి, సమిత్, అతిచపలా ",
299,ననజస,,7,భ.నా.శా.,కమలలోచన,kamalalOchana,కమలలోచన ,
300,ననననగగ,,9,"200 వాగ్వల్లభ / మోడేకుర్తి, వృరక జయ, కొక్కొండ మా.పట్వర్థన్",కమలవిలసితము,kamalavilasitamu,"కమలవిలసితము, సురుచిర, సుపవిత్ర, ఉపచిత్ర, అలిపదం, సురతమనికర, సుపవిత్రము",
301,నయమభససస,,"10,16",వాగ్వల్లభ దుఃఖభంజన,కమలశిఖా,kamalaSikhaa,కమలశిఖా,
302,నసభనజనననగల,,"7,10",మోడేకుర్తి,కమలా,kamalaa,కమలా,
303,సనజజయ,,11,కొక్కొండ,కమలాకర,kamalaakara,కమలాకర ,
304,సజససలగ,,7,మా.పట్వర్థన్,కమలిని,kamalini,కమలిని ,
305,సనగగ,,No,ఛందార్ణవ భిఖారీదాస్,కమారలలిత,kamaaralalita,కమారలలిత,
306,జనగల,,No,వాగ్వల్లభ దుఃఖభంజన,కరంజి,karaMji,కరంజి,
307,ననననతనగ,,"9,15",మా.పట్వర్థన్ భ.నా.శా.,కరకలతా,karakalataa,కరకలతా ,
308,భభభభభభగ,,13,కేశవ్ ఛంద,కరణా,karaNaa,కరణా,
309,యయసజగ,,7,వాగ్వల్లభ ,కరపల్లవోద్రతా,karapallavOdrataa,కరపల్లవోద్రతా,
310,సభతయ,,9,వాగ్వల్లభ ,కరమాలా,karamaalaa,కరమాలా,
311,నరగగ,,No,వాగ్వల్లభ దుఃఖభంజన,కరరికా,kararikaa,కరరికా,
312,నభర,,No,వాగ్వల్లభ దుఃఖభంజన మోడేకుర్తి,కరశయా కిశోరమ,karaSayaa-kiSOrama,"కరశయా కిశోరమ, కరశయా",
313,తతగగ,,No,"వాగ్వల్లభ దుఃఖభంజన, ఛందస్కలావతీ మా పట్వర్ధన్",కరాళీ,karaaLee,"కరాళీ, వాణీ, కేతుమాలా",
314,భనభనభనర,,13,200 మా.పట్వర్థన్,కరిబృంహితము,karibRMhitamu,"కరిబృంహితము, ఆదికవివర ",
315,రయజగ,,7,1. వా.వ. 2మో.ఆం. 3 ఛం.సా.,కర్ణపాలికా,karNapaalikaa,"కర్ణపాలికా, పథ్య, కామదా, పంక్తికా",
316,సభభసస,,10,వాగ్వల్లభ దుఃఖభంజన,కర్ణలతా,karNalataa,కర్ణలతా,
317,నయతనమగల,,9,వాగ్వల్లభ దుఃఖభంజన,కర్ణస్ఫోటం,karNasphOTaM,కర్ణస్ఫోటం,
318,తభజభజభననలగ,,"10,19",వాగ్వల్లభ ,కర్ణాటకం,karNaaTakaM,కర్ణాటకం,
319,భభభతలగ,,7,వాగ్వల్లభ  ,కర్ణిశరః,karNiSara@h,కర్ణిశరః,
320,రమలగ,,7,శ్రీ వేంకటేశాయ సహస్రనామ సహస్రఛందమాల - శ్రీతోపెల్ల బాలసుబ్రహ్మణ్య శర్మ & వేగరాజు శ్రీరామ్,కర్త్రే,kartrae,కర్త్రే ,
321,రతసతర,,10,మా.పట్వర్థన్,కర్మగతి,karmagati,కర్మగతి ,
322,రతసతర,,9,శ్రీ వేంకటేశాయ సహస్రనామ సహస్రఛందమాల - శ్రీతోపెల్ల బాలసుబ్రహ్మణ్య శర్మ & వేగరాజు శ్రీరామ్,కర్మవిన్యాస,karmavinyaasa,"కర్మవిన్యాస, కర్మవిన్యాసము ",
323,భసమ,,No,వాగ్వల్లభ కొక్కొండ,కర్మిష్ఠా,karmishThaa,"కర్మిష్ఠా, కిర్మిష్టా, పురుష ",
324,నయనయసభభస,,"7,13,19",లక్షణ శిరోమణి ,కలకంఠ,kalakaMTha,కలకంఠ ,
325,సజనజభనరనగ,,"10,19",మోడేకుర్తి మా పట్వర్ధన్,కలకంఠము,kalakaMThamu,కలకంఠము,
326,సజసజసజసజ,,13,రూపగోస్వామి (కావ్యమాల నుండి),కలగీత,kalageeta,కలగీత,
327,సజసజననననగల,,13,రణపింగళ,కలధుని,kaladhuni,కలధుని,
328,సససససగ,,10,వాగ్వల్లభ దుఃఖభంజన హేమచంద్ర 2.267 మా.పట్వర్థన్,కలధౌతపదం,kaladhautapadaM,"కలధౌతపదం, సోకంక కౌముకీ ",
329,నరనరనరర,,13,వాగ్వల్లభ దుఃఖభంజన,కలమతల్లికా,kalamatallikaa,కలమతల్లికా,
330,సనననలగ,,8,200,కలరవం,kalaravaM,కలరవం,
331,జతయయ,,6,వాగ్వల్లభ ,కలవల్లీ విహంగః,kalavallee-vihaMga@h,కలవల్లీ విహంగః,
332,జజతలగ,,7,వాగ్వల్లభ దుఃఖభంజన,కలస్వనవంశః,kalasvanavaMSa@h,కలస్వనవంశః,
333,సలగ,,No,మోడేకుర్తి ,కలహంస,kalahaMsa,కలహంస ,
334,నభనసజర,,11,మోడేకుర్తి,కలహంసోత్సాహము,kalahaMsOtsaahamu,కలహంసోత్సాహము,
335,ననననభగ,,9,వాగ్వల్లభ దుఃఖభంజన,కలహకరం,kalahakaraM,కలహకరం,
336,సభమ,,No,వాగ్వల్లభ దుఃఖభంజన మా.పట్వర్థన్,కలహము,kalahamu,కలహము,
337,సజజభలగ,,9,వాగ్వల్లభ దుఃఖభంజన,కలహేతికా,kalahaetikaa,కలహేతికా,
338,నననననననననలగ,,"9,17",2.27,కలా,kalaa,కలా ,
339,రజరజరజగ,,"8,14",వాగ్వల్లభ దుఃఖభంజన,కలాపదీపకం,kalaapadeepakaM,కలాపదీపకం,
340,యసయగ,,7,వాగ్వల్లభ దుఃఖభంజన,కలాపాంతరితా,kalaapaaMtaritaa,కలాపాంతరితా ,
341,రననజలగ,,8,"శ్రీకృష్ణ భాగవతం, శ్రీపాద.కృ.శా.",కలికి,kaliki,కలికి,
342,ననమగగ,,9,వాగ్వల్లభ దుఃఖభంజన,కలితకమలమాల,kalitakamalamaala,కలితకమలమాల,
343,తజజలగ,,8,"200, భిఖారీసాస్ మా.పట్వర్థన్ భ.నా.శా.",కలితాంతము,kalitaaMtamu,"కలితాంతము, గీతాలంబనము, కాంత, కాంతి, మోటనక, మోటక",
344,సరలగ,,No,వాగ్వల్లభ దుఃఖభంజన,కలిలా,kalilaa,"కలిలా, కరిలా, శల్లకప్లుతం",
345,రతతతగగ,,9,వాగ్వల్లభ దుఃఖభంజన,కల్పకాంతా,kalpakaaMtaa,కల్పకాంతా,
346,రరరజర,,11,వాగ్వల్లభ దుఃఖభంజన,కల్పధారి,kalpadhaari,"కల్పధారి, చారి",
347,రరరరలగ,,8,వాగ్వల్లభ దుఃఖభంజన,కల్పమీలితా,kalpameelitaa,కల్పమీలితా,
348,మననససజగ,,12,వాగ్వల్లభ దుఃఖభంజన,కల్పలతాపతాకినీ,kalpalataapataakinee,కల్పలతాపతాకినీ,
349,ననననమగ,,11,వాగ్వల్లభ దుఃఖభంజన,కల్పాహారీ,kalpaahaaree,కల్పాహారీ ,
350,నరనయభజ,,11,సఆంఋసం వగోకృ,కల్పిత,kalpita,కల్పిత,
351,రజజరజరసరలగ,,"8,13,22","కొక్కొండ, శ్రీకృష్ణ భాగవతము శ్రీపాద.కృశా. 13 only",కల్యాణ,kalyaaNa,"కల్యాణ, కల్యాణి",
352,మననసతలగ,,10,ఛందోదర్పణ పీఠిక గిడుగు సీతాపతి,కల్యాణి,kalyaaNi,కల్యాణి,
353,నయనయనయనయ,,"7,13,19",రూపగోస్వామి (కావ్యమాల నుండి),కల్హారము (కహ్లారము,kalhaaramu-(kahlaaramu,కల్హారము (కహ్లారము ,
354,రరజరలగ,,7,వాగ్వల్లభ దుఃఖభంజన,కళాధరః,kaLaadhara@h,కళాధరః,
355,భభజమగ,,8,వాగ్వల్లభ దుఃఖభంజన,కళాధామ,kaLaadhaama,కళాధామ,
356,సససనయభ,,10,సఆంఋసం వగోకృ,కళానిధి,kaLaanidhi,కళానిధి ,
357,జభతజగగ,,7,మా పట్వర్ధన్,కళావతి,kaLaavati,కళావతి,
358,నయసజగ,,7,ఛందస్కలావతీ,కళావతీ,kaLaavatee,కళావతీ ,
359,భతభసయలల,,9,సఆంఋసం వగోకృ,కళాశ్రీ,kaLaaSree,కళాశ్రీ ,
360,రమసగ,,7,మా.పట్వర్థన్,కళిక,kaLika,కళిక ,
361,సజసససజగ,,9,200 లక్షణ. అప్పక. ,కవికంఠభూషణము,kavikaMThabhooshaNamu,కవికంఠభూషణము ,
362,భభరనమసజగ,,13,ఛందోదర్పణ పీఠిక గిడుగు సీతాపతి,కవికాంత,kavikaaMta,కవికాంత,
363,ననననననననలగ,,"13,20","200 లక్షణ శిరోమణి, బ్రౌన్",కవిజనముదిత,kavijanamudita,కవిజనముదిత,
364,నజజజజలగ,,"8,14",ఎర్రయ్య గారు ,కవిరాజితము,kaviraajitamu,కవిరాజితము ,
365,మభననలగ.,,8,ఛందస్కలావతీ,కస్తూరీ,kastooree,కస్తూరీ ,
366,భతరత,,7,మా పట్వర్ధన్,కాంచనకాంతి,kaaMchanakaaMti,కాంచనకాంతి,
367,మరభయరర,,12, హేమచంద్ర చంశా 2-300 మా.పట్వర్థన్ రత్నమంజూష,కాంచీ,kaaMchee,"కాంచీ, వాచాల కాంచీ",
368,జభభగ,,7,వాగ్వల్లభ దుఃఖభంజన,కాండముఖీ,kaaMDamukhee,కాండముఖీ ,
369,యభనరసలగ,,11,ఛం.సార వృ.ర.నా. మా.పట్వర్థన్ రణపింగళ,కాంతా,kaaMtaa,కాంతా,
370,యమనసరగల,,9,వాగ్వల్లభ దుఃఖభంజన,కాంతారం,kaaMtaaraM,కాంతారం,
371,రసజల,,6,మా.పట్వర్థన్,కాంతిడంబర,kaaMtiDaMbara,కాంతిడంబర ,
372,రసజజభరలల,,11,రూపగోస్వామి (కావ్యమాల నుండి),కాంతిడంబరం,kaaMtiDaMbaraM,కాంతిడంబరం,
373,భమసమ,,7,ఛం.సార మా.పట్వర్థన్ (6),కాంతోత్పీడా,kaaMtOtpeeDaa,"కాంతోత్పీడా, జలధరమాలా ",
374,మనయ,,No,వాగ్వల్లభ దుఃఖభంజన  మా.పట్వర్థన్,కాంసీకము,kaaMseekamu,"కాంసీకము, మకరలతా ",
375,రసజజభరసజలగ,,16,వాగ్వల్లభ దుఃఖభంజన,కాకలీకలకోకిలః,kaakaleekalakOkila@h,కాకలీకలకోకిలః,
376,జజభజలగ,,8,వాగ్వల్లభ దుఃఖభంజన,కాకిణికా,kaakiNikaa,కాకిణికా,
377,తభరల,,7,వాగ్వల్లభ దుఃఖభంజన,కామచారి,kaamachaari,కామచారి ,
378,నతర,,No,ఛంప్ర. పే 129,కామనా,kaamanaa,కామనా,
379,మసతల,,7,వాగ్వల్లభ దుఃఖభంజన,కామనిభా,kaamanibhaa,కామనిభా ,
380,మరభనతగగ,,8,వాగ్వల్లభ దుఃఖభంజన,కామరూపం,kaamaroopaM,కామరూపం,
381,ననమయలగ,,7,వాగ్వల్లభ దుఃఖభంజన హేమచందొను 2.223 మా.పట్వర్థన్,కామలా,kaamalaa,"కామలా, కరిమకరభుజా",
382,రరరరగల,,10,వాగ్వల్లభ దుఃఖభంజన,కామశాలా,kaamaSaalaa,కామశాలా,
383,తనయ,,No,వాగ్వల్లభ దుఃఖభంజన,కామా,kaamaa,కామా,
384,మమమమమమమమగ,,13,19,"వృమౌచం, రణపింగళ",కామానంద,kaamaanaMda,"కామానంద, శంభు"
385,రజర,,No,చందః సమీక్షా భ.నా.శా.,కామినీ భావినీ,kaaminee-bhaavinee,కామినీ భావినీ ,
386,భమసగల,,6,వాగ్వల్లభ దుఃఖభంజన,కాముకలేఖా,kaamukalaekhaa,కాముకలేఖా,
387,భభనజనగ,,11,200 PKR,కామేశ.,kaamaeSa.,కామేశ. ,
388,భజభజలగ,,8,వాగ్వల్లభ దుఃఖభంజన,కారవిణీ,kaaraviNee,కారవిణీ,
389,మమనయగగ,,7,వాగ్వల్లభ దుఃఖభంజన,కాల ధ్వానం,kaala-dhvaanaM,"కాల ధ్వానం, ధ్వానాంతం",
390,రతలగ,,No,శ్రీ వేంకటేశాయ సహస్రనామ సహస్రఛందమాల - శ్రీతోపెల్ల బాలసుబ్రహ్మణ్య శర్మ & వేగరాజు శ్రీరామ్,కాలగోప్తే,kaalagOptae,కాలగోప్తే ,
391,రతతర,,7,శ్రీ వేంకటేశాయ సహస్రనామ సహస్రఛందమాల - శ్రీతోపెల్ల బాలసుబ్రహ్మణ్య శర్మ & వేగరాజు శ్రీరామ్,కాలయంత్రే,kaalayaMtrae,కాలయంత్రే,
392,నభజగల,,7,వాగ్వల్లభ దుఃఖభంజన,కాలవర్మ,kaalavarma,కాలవర్మ,
393,జతజసయలగ,,9,వాగ్వల్లభ దుఃఖభంజన,కాలసారోద్ధతః,kaalasaarOddhata@h,కాలసారోద్ధతః,
394,మసరయభభస,,12,శ్రీ వేంకటేశాయ సహస్రనామ సహస్రఛందమాల - శ్రీతోపెల్ల బాలసుబ్రహ్మణ్య శర్మ & వేగరాజు శ్రీరామ్,కాళింది,kaaLiMdi,కాళింది ,
395,తసమసర,,11,శ్రీ వేంకటేశాయ సహస్రనామ సహస్రఛందమాల - శ్రీతోపెల్ల బాలసుబ్రహ్మణ్య శర్మ & వేగరాజు శ్రీరామ్,కాళీయఫణి,kaaLeeyaphaNi,కాళీయఫణి ,
396,జనసననరభ,,13,సఆంఋసం వగోకృ,కాశ్యప,kaaSyapa,కాశ్యప ,
397,మమతనతలగ,,9,వాగ్వల్లభ దుఃఖభంజన,కాసారం,kaasaaraM,కాసారం,
398,మతజయ,,8,వాగ్వల్లభ  మా.పట్వర్థన్,కాసారకాంతా,kaasaarakaaMtaa,"కాసారకాంతా, కాసారక్రాంతా ",
399,సభనలగ,,7,రణపింగళ,కాహళీ,kaahaLee,కాహళీ,
400,రసయమ,,7,వాగ్వల్లభ ,కింశుకాస్తరణం,kiMSukaastaraNaM,కింశుకాస్తరణం,
401,భరరరయజర,,12,శ్రీ వేంకటేశాయ సహస్రనామ సహస్రఛందమాల - శ్రీతోపెల్ల బాలసుబ్రహ్మణ్య శర్మ & వేగరాజు శ్రీరామ్,కిన్నరద్వంద్వ,kinnaradvaMdva,కిన్నరద్వంద్వ ,
402,తజతభనగ,,11,వాగ్వల్లభ దుఃఖభంజన,కిరణకీర్తిః,kiraNakeerti@h,కిరణకీర్తిః,
403,నజతతగ,,9,వాగ్వల్లభ దుఃఖభంజన,కిరాతః,kiraata@h,కిరాతః,
404,భభగల,,No,వాగ్వల్లభ దుఃఖభంజన,కిష్కు,kishku,కిష్కు,
405,సజత,,No,వాగ్వల్లభ దుఃఖభంజన,కీటమాలా,keeTamaalaa,కీటమాలా,
406,నరనరగ,,7,వాగ్వల్లభ ,కీరలేఖా,keeralaekhaa,కీరలేఖా,
407,సససగ,,6,1. ఛం.సార 2. వృరక 3.వాగ్వల్లభ ఛంప్ర. మా.పట్వర్థన్,కీర్తీ,keertee,"కీర్తీ, మేఘవితాన, ఉదితం ",
408,భమతల,,6,వాగ్వల్లభ  ,కీలాలం,keelaalaM,కీలాలం ,
409,తజరసర,,9,"ఛం.సార, ఛంప్ర. ",కుంజ,kuMja,కుంజ,
410,భసభ,,No,"సునందినీ పరిణయము, బభ్రువాహన కో.శ్రీ",కుంత,kuMta,కుంత,
411,భనభనభనభన,,"7,13,19",రూపగోస్వామి (కావ్యమాల నుండి),కుంద,kuMda,కుంద,
412,ససససససససలల,,"7,13,19",ఛందోరామా 1894 P 29 1.వా.వ. 2.ఛం.సార ( యతి 13) ౩. ఛందః సమీక్షా కేశవ్ పింగళ ప్రకాశ్,కుందలతా,kuMdalataa,"కుందలతా, వంశవదః, సుఖ, లలితా, మాలతీ, సుఖః, సావన, హార",
413,ననరరరరరరగల,,"10,19",వాగ్వల్లభ దుఃఖభంజన,కుంభకం,kuMbhakaM,కుంభకం,
414,రజనరజలగ,,10,సఆంఋసం వగోకృ,కుంభినీ,kuMbhinee,కుంభినీ,
415,నయజనరభ,,10,సఆంఋసం వగోకృ,కుంభినీ 2,kuMbhinee-2,కుంభినీ 2,
416,మభజయ,,6,వాగ్వల్లభ ,కుంభోఘ్నీ,kuMbhOghnee,కుంభోఘ్నీ,
417,యరజరరస,,10,శ్రీ వేంకటేశాయ సహస్రనామ సహస్రఛందమాల - శ్రీతోపెల్ల బాలసుబ్రహ్మణ్య శర్మ & వేగరాజు శ్రీరామ్,కుచేలాభీష్ట,kuchaelaabheeshTa,కుచేలాభీష్ట ,
418,నజరభభగ,,8,బృహజ్జాతకం వరాహమిహిర,కుటక,kuTaka,కుటక,
419,నజమతగ,,9,మోడేకుర్తి మా.పట్వర్థన్,కుటజగతి,kuTajagati,కుటజగతి,
420,సభనయగగ,,5,ఛం.సార మా.పట్వర్థన్,కుటిల,kuTila,కుటిల,
421,జభనయగ,,7,వృరక జయదామన్ 82(77.2),కుటిలం,kuTilaM,కుటిలం,
422,నజతమగ,,7,ఛంధఃకౌస్తుభ,కుటిలగతిః,kuTilagati@h,కుటిలగతిః,
423,నజతమగ,,8,ఛంధఃకౌస్తుభ,కుటిలగతిః 2,kuTilagati@h-2,కుటిలగతిః 2,
424,జరజరలగ,,7,"వాగ్వల్లభ/ ఛం.సార, ఛంప్ర. మా.పట్వర్థన్",కుడంగికా,kuDaMgikaa,"కుడంగికా, అనంద్, ప్రభావ ",
425,ననరగగ,,7,ఛమ్దః సమీక్షా,కుపురుషజనితా,kupurushajanitaa,కుపురుషజనితా,
426,ససజసగ,,7,వాగ్వల్లభ దుఃఖభంజన,కుబేరకటికా,kubaerakaTikaa,కుబేరకటికా,
427,రమసజర,,8,శ్రీ వేంకటేశాయ సహస్రనామ సహస్రఛందమాల - శ్రీతోపెల్ల బాలసుబ్రహ్మణ్య శర్మ & వేగరాజు శ్రీరామ్,కుబ్జా,kubjaa,"కుబ్జా, కుబ్జాయౌవన",
428,జమగ,,No,HCS 2-54,కుమార లలిత,kumaara-lalita,కుమార లలిత,
429,మననరయ,,11,వాగ్వల్లభ దుఃఖభంజన,కుమారలీలా,kumaaraleelaa,కుమారలీలా,
430,సజనసనలగ,,11,మోడేకుర్తి,కుమారీ,kumaaree,కుమారీ,
431,నజభజగగ,,9,ఛం.సార వృరక 3-77/3 జయదామన్ పింశిభూ మా.పట్వర్థన్,కుమారీ 2,kumaaree-2,కుమారీ 2,
432,రయనయ,,7,భ.నా.శా మా.పట్వర్థన్,కుముద,kumuda,"కుముద, ప్రభా, కుముదినీ ",
433,నయరయ,,7,భ.నా.శా మా.పట్వర్థన్,కుముదనిభా,kumudanibhaa,కుముదనిభా,
434,నతసభయనతసగ,,"6,11,16,21",వాగ్వల్లభ దుఃఖభంజన,కుముదమాలా,kumudamaalaa,కుముదమాలా,
435,జతసయ,,7,వాగ్వల్లభ దుః ,కుముదినీవికాశః,kumudineevikaaSa@h,కుముదినీవికాశః,
436,యయసస,,7,వాగ్వల్లభ ,కురంగావతారః,kuraMgaavataara@h,కురంగావతారః ,
437,మతనజభర,,13, హేమచంద్ర చంశా 2-311 స్వయంబూ 1-40,కురంగికా,kuraMgikaa,కురంగికా,
438,నజభజలగ,,8,"1.వా.వ 2. ఛం.సా. 3. వృమౌచం, వృరక జ3-77/4(A) జకీ 2-175 మా.పట్వర్థన్ ఛందోనుశాసనం వృత్తాలంకార రత్నావళి 40",కురరీరుతా,kurareerutaa,"కురరీరుతా, ప్రమదా, విమలా, ధృతి, మణికటిక, లలితా",
439,రభలగ,,No,వాగ్వల్లభ దుఃఖభంజన,కురుచరీ,kurucharee,కురుచరీ,
440,నజనలగ,,6,మా పట్వర్ధన్,కులట,kulaTa,కులట,
441,యరగగ,,No,వాగ్వల్లభ మా.పట్వర్థన్,కులాధార,kulaadhaara,"కులాధార, శుద్ధగా, మహామాయా",
442,మమసభతల,,10,వాగ్వల్లభ దుఃఖభంజన,కుల్యావర్తః కుల్యావృత్తః,kulyaavarta@h-kulyaavRtta@h,కుల్యావర్తః కుల్యావృత్తః,
443,రనలల,,No,వాగ్వల్లభ దుఃఖభంజన,కుశకం,kuSakaM,కుశకం,
444,మనజలగ,,5,వాగ్వల్లభ దుఃఖభంజన,కుశలకలావతికా,kuSalakalaavatikaa,కుశలకలావతికా,
445,జభసజగగ,,10,"వాగ్వల్లభ, వృత్తదర్పణ్ మా.పట్వర్థన్(7)",కుసుంభినీ,kusuMbhinee,"కుసుంభినీ, రుక్మిణి, రుచిరా, సదాగతి ",
446,నననననననన,,13,రూపగోస్వామి (కావ్యమాల నుండి),కుసుమ,kusuma,కుసుమ,
447,నరర,,No,200  మా.పట్వర్థన్,కుసుమ 2,kusuma-2,"కుసుమ 2, కుసుమితా",
448,ససససససససస,,"11,19",గంగాదాస్ చందం ,కుసుమ 3,kusuma-3,"కుసుమ 3, స్తవకః",
449,నభనభనననలగ,,13,మోడేకుర్తి లక్షణ శిరోమణి,కుసుమ 4,kusuma-4,"కుసుమ 4, కుముద",
450,మభన,,No,మోడేకుర్తి,కుసుమవతి,kusumavati,కుసుమవతి,
451,ననయయ,,7,ఛంధఃకౌస్తుభ,కుసుమవిచిత్ర,kusumavichitra,కుసుమవిచిత్ర,
452,నయనయ,,7,200 మా.పట్వర్థన్,కుసుమవిచిత్రము,kusumavichitramu,కుసుమవిచిత్రము ,
453,మతనయయయ,,12,200 వృరక 3-94 మా.పట్వర్థన్ భ.నా.శా.,కుసుమిత,kusumita,"కుసుమిత, లతావేల్లితము, చిత్రలేఖా",
454,ననమయననమయలగ,,"10,20",వాగ్వల్లభ దుఃఖభంజన,కుహక కుహరం,kuhaka-kuharaM,కుహక కుహరం,
455,జస,,No,వాగ్వల్లభ ఛం.సారావళీ,కుహీ,kuhee,"కుహీ, మాలతీ ",
456,తనతనసగగ,,9,వాగ్వల్లభ దుఃఖభంజన,కూరాసనం,kooraasanaM,"కూరాసనం, కూరాశనం",
457,రరరభలగ,,8,వాగ్వల్లభ దుఃఖభంజన,కూర్చలలితం,koorchalalitaM,కూర్చలలితం,
458,రజమగగ,,6,వాగ్వల్లభ దుఃఖభంజన,కూలచారిణి,koolachaariNi,కూలచారిణి ,
459,తనమగ,,7,వాగ్వల్లభ దుఃఖభంజన,కూలా,koolaa,కూలా ,
460,జజజ,,No,వాగ్వల్లభ దుఃఖభంజన,కూహూ,koohoo,కూహూ,
461,నరసల,,7,వాగ్వల్లభ దుఃఖభంజన,కృకపాది,kRkapaadi,కృకపాది ,
462,భననగ,,6,వాగ్వల్లభ  ,కృతమణితా,kRtamaNitaa,"కృతమణితా, మణితా",
463,నజయభగగ,,9,వాగ్వల్లభ దుఃఖభంజన,కృతమాలం,kRtamaalaM,కృతమాలం,
464,జతనస,,6,మా.పట్వర్థన్,కృశా,kRSaa,కృశా ,
465,రజనససభ,,10,సఆంఋసం వగోకృ,కృష్ణ శ్రీ,kRshNa-Sree,కృష్ణ శ్రీ ,
466,భజగగ,,No,వాగ్వల్లభ దుఃఖభంజన,కృష్ణగతికా,kRshNagatikaa,కృష్ణగతికా,
467,రరరరరరరలగ,,13,రణపింగళ,కేకినీశారదా,kaekineeSaaradaa,కేకినీశారదా,
468,సససజనర,,11,"ఛం.సార, ఛంప్ర. ",కేతకీ,kaetakee,కేతకీ,
469,భయససయ,,7,ఛందోనుశాసనం మా.పట్వర్థన్,కేతన,kaetana,కేతన ,
470,నయనలల,,6,వాగ్వల్లభ ,కేళిచరమ్,kaeLicharam^,కేళిచరమ్,
471,సయసయ,,7,ఛందః సమీక్షా మా.పట్వర్థన్ సర్వసమవృత్త ప్రభావః సివిరమణ మైసూర్,కేళీరవం,kaeLeeravaM,"కేళీరవం, కోకరతా",
472,యభగ,,No,వాగ్వల్లభ దుఃఖభంజన,కేశవతీ,kaeSavatee,కేశవతీ,
473,మభనయరరగ,,13,మా.పట్వర్థన్,కేసర-,kaesara-,కేసర-,
474,మభనయరర,,12,ఛం.సార రణపింగళ,కేసర కేశర,kaesara-kaeSara,కేసర కేశర ,
475,రతమజ,,5,ఛం.సార ఛంప్ర. ,కేహరీ,kaeharee,కేహరీ,
476,జభగల,,No,వాగ్వల్లభ దుఃఖభంజన,కొల్చారం,kolchaaraM,కొల్చారం,
477,భయనసనసలగ,,12,సీమంతినీ కో.శ్రీ  ,కోకనదము,kOkanadamu,కోకనదము,
478,భభభస,,7,200 మా.పట్వర్థన్ పింగళ ప్రకాశ్,కోకనదము 2,kOkanadamu-2,"కోకనదము 2, సంవదవదనా, ప్రభాసుఖసార ",
479,రసతసభర,,10,శ్రీ వేంకటేశాయ సహస్రనామ సహస్రఛందమాల - శ్రీతోపెల్ల బాలసుబ్రహ్మణ్య శర్మ & వేగరాజు శ్రీరామ్,కోటిమన్మథ,kOTimanmatha,కోటిమన్మథ ,
480,మతసరగ,,6,హేమ 2.216 మా.పట్వర్థన్,కోదుంభ,kOduMbha,కోదుంభ,
481,భభమగ,,7,1. మోడేకుర్తి 2. ఛం.సా. 3.ఛందోనుశాసనం 4ఛంప్ర. పే 132 మా.పట్వర్థన్,కోమలము,kOmalamu,"కోమలము, విందు, బంధూకః, బిందు",
482,మతసతతగ,,10,హై.ఛం.శా./రత్నమంజూష మా.పట్వర్థన్,కోమలలతా,kOmalalataa,కోమలలతా ,
483,రసజసభస,,10,శ్రీ వేంకటేశాయ సహస్రనామ సహస్రఛందమాల - శ్రీతోపెల్ల బాలసుబ్రహ్మణ్య శర్మ & వేగరాజు శ్రీరామ్,కోమలాంఘ్రి,kOmalaaMghri,కోమలాంఘ్రి,
484,జససయ,,7,ఛందోనుశాసనం,కోల 1,kOla-1,కోల 1 ,
485,జససస,,7,మా.పట్వర్థన్,కోల 2,kOla-2,కోల 2,
486,భతరతసజలగ,,10,200 PKR,కోవిదారము,kOvidaaramu,కోవిదారము ,
487,భససగగ,,7,వాగ్వల్లభ ,కోశితకుశలా,kOSitakuSalaa,కోశితకుశలా,
488,భనల,,No,వాగ్వల్లభ దుఃఖభంజన,కోశీ,kOSee,కోశీ,
489,సతగగ,,No,వాగ్వల్లభ దుఃఖభంజన,కౌచమారః,kauchamaara@h,కౌచమారః,
490,నతతగ,,6,200,కౌముది,kaumudi,కౌముది ,
491,సరజస,,8,శ్రీ వేంకటేశాయ సహస్రనామ సహస్రఛందమాల - శ్రీతోపెల్ల బాలసుబ్రహ్మణ్య శర్మ & వేగరాజు శ్రీరామ్,క్రతుహింస,kratuhiMsa,క్రతుహింస ,
492,భసజమతల,,10,సఆంఋసం వగోకృ,క్రాంతిరథ,kraaMtiratha,క్రాంతిరథ,
493,భరరజర,,9,శ్రీ వేంకటేశాయ సహస్రనామ సహస్రఛందమాల - శ్రీతోపెల్ల బాలసుబ్రహ్మణ్య శర్మ & వేగరాజు శ్రీరామ్,క్రీడనాచార,kreeDanaachaara,"క్రీడనాచార, క్రీడ ",
494,యయయయయయ,,13,1. వాగ్వల్లభ 2. ఛం.సార (యతి 3. శకద్రు మా పట్వర్ధన్,క్రీడాచంద్రం,kreeDaachaMdraM,"క్రీడాచంద్రం, మహామోదకారీ, క్రీడచక్రం",
495,సససతలగ,,7,వాగ్వల్లభ దుఃఖభంజన,క్రీడాయతనం,kreeDaayatanaM,"క్రీడాయతనం, క్రీడావసథం",
496,భససమమ,,9,వాగ్వల్లభ ,క్రీడితకటకా,kreeDitakaTakaa,క్రీడితకటకా,
497,మభననరర,,13,వాగ్వల్లభ దుఃఖభంజన,క్రోడక్రీడం,krODakreeDaM,క్రోడక్రీడం,
498,తభల,,No,వాగ్వల్లభ దుఃఖభంజన,క్రోడాంతికం,krODaaMtikaM,క్రోడాంతికం,
499,భమసభననననగ,,"6,11,19",1.వాగ్వల్లభ 2.HCS 3 రణపింగళ భ.నా.శా. 4. ఛందార్ణవ,క్రోశపదా,krOSapadaa,"క్రోశపదా, చపలగతిః, క్రౌంచపద, క్రౌంచ ",
500,భమతతనననగ,,16,అగ్నిపురాణం,క్రౌంచపద 2,krauMchapada-2,క్రౌంచపద 2,
501,భమసభనననయ,,"11,19","200 వాగ్వల్లభ జయకీర్తి 2-255, హేమఛంశా (చిత్రక) 2-362",క్రౌంచపదము ,krauMchapadamu-,"క్రౌంచపదము ,కోకపదం, హంసపదం",
502,భమసభననననలగ,,"7,13,19",శబ్దకల్పద్రుమ,క్రౌంచపదా,krauMchapadaa,క్రౌంచపదా,
503,భమసభనననన,,,మా.పట్వర్థన్,క్రౌంచపదా 2,krauMchapadaa-2,క్రౌంచపదా 2,
504,ననతతగ,,8,200 వృత్తదర్పణ్ మా.పట్వర్థన్,క్షమ,kshama,"క్షమ, క్షప, చంద్రికా, కుటిలగతి, ఉత్పాలిని",
505,మరలగ,,No,వాగ్వల్లభ,క్షమా,kshamaa,క్షమా,
506,ననజతగ,,8,ఛం.సార,క్షమా 2,kshamaa-2,క్షమా 2,
507,జత,,No,వాగ్వల్లభ దుఃఖభంజన,క్షమాషాలి,kshamaashaali,క్షమాషాలి ,
508,జనలల,,No,వాగ్వల్లభ దుఃఖభంజన,క్షరం,ksharaM,"క్షరం, క్షురం",
509,రనభనజనగల,,10,సఆంఋసం వగోకృ,క్షితిజ,kshitija,క్షితిజ,
510,తభభర,,6,శ్రీ వేంకటేశాయ సహస్రనామ సహస్రఛందమాల - శ్రీతోపెల్ల బాలసుబ్రహ్మణ్య శర్మ & వేగరాజు శ్రీరామ్,క్షేత్రప్రదాయని,kshaetrapradaayani,క్షేత్రప్రదాయని ,
511,తభభస,,6,శ్రీ వేంకటేశాయ సహస్రనామ సహస్రఛందమాల - శ్రీతోపెల్ల బాలసుబ్రహ్మణ్య శర్మ & వేగరాజు శ్రీరామ్,క్షేత్రప్రియ,kshaetrapriya,క్షేత్రప్రియ ,
512,ననమరగ,,8,మా.పట్వర్థన్,క్ష్మా,kshmaa,క్ష్మా ,
513,మనయతనమ,,"9,13",200,క్ష్మాహారము,kshmaahaaramu,క్ష్మాహారము ,
514,జజజలగ,,6,1 వా.వ. 2 ఛం.సార ఛందార్ణవ,ఖటకా,khaTakaa,"ఖటకా, హారిణీ",
515,నరగ,,No,వాగ్వల్లభ దుఃఖభంజన భ.నా.శా.,ఖరకరా,kharakaraa,"ఖరకరా, ప్రకాశితా ",
516,జతల,,No,వాగ్వల్లభ దుఃఖభంజన,ఖర్బరి,kharbari,ఖర్బరి,
517,రమల,,No,వాగ్వల్లభ దుఃఖభంజన,ఖర్విణీ,kharviNee,ఖర్విణీ,
518,భజతగ,,6,వాగ్వల్లభ ,ఖేటకము,khaeTakamu,ఖేటకము ,
519,మసమ,,No,వాగ్వల్లభ దుఃఖభంజన,ఖేలాధ్యం,khaelaadhyaM,ఖేలాధ్యం,
520,నయతల,,7,వాగ్వల్లభ దుఃఖభంజన,ఖౌరళి,khauraLi,ఖౌరళి ,
521,మతయయ,,6,ఛందస్కలావతీ,గంగా,gaMgaa,గంగా ,
522,రరరరరరరర,,13,"1. వాగ్వల్లభ 2. ఛం.సార ఛందః ప్రదీప (10,19) రణపింగల ఛందఃసమీక్ష",గంగోదకం,gaMgOdakaM,"గంగోదకం, గంగోదక 683, గంగాధర, లక్ష్మీ, ఖంజన, గంగాజల, వైకుంఠధామ",
523,రరజరజజర,,10,శ్రీ వేంకటేశాయ సహస్రనామ సహస్రఛందమాల - శ్రీతోపెల్ల బాలసుబ్రహ్మణ్య శర్మ & వేగరాజు శ్రీరామ్,గంధమాల్య,gaMdhamaalya,"గంధమాల్య, గంధమాల్యము ",
524,రరరగల,,8,వాగ్వల్లభ దుఃఖభంజన,గంభారి,gaMbhaari,గంభారి,
525,రసజనలగ,,7,వాగ్వల్లభ దుఃఖభంజన,గగన గతికా,gagana-gatikaa,గగన గతికా,
526,భమసభర,,11,సఆంఋసం వగోకృ,గగనమణి,gaganamaNi,గగనమణి,
527,నననభనలగ,,10,200,గగనమణి 2,gaganamaNi-2,గగనమణి 2,
528,రనరసలగ,,8,వాగ్వల్లభ దుఃఖభంజన,గగనోద్రతా,gaganOdrataa,గగనోద్రతా,
529,నభలగ,,No,వాగ్వల్లభ దుఃఖభంజన,గజగతి,gajagati,గజగతి ,
530,నజభభర,,8,మోడేకుర్తి,గజరాజ,gajaraaja,గజరాజ,
531,భభతలగ,,7,"మోడేకుర్తి, రణపింగళ మా.పట్వర్థన్",గజరాజ వృత్తము,gajaraaja-vRttamu,"గజరాజ వృత్తము, పాయక కలస్వన ",
532,భజభభనజనలగ,,"8,18","మోడేకుర్తి లక్షణ శిరోమణి (8,17)",గజలీల,gajaleela,గజలీల,
533,ననరభరస,,11,మా.పట్వర్థన్,గజేంద్రలతా,gajaeMdralataa,గజేంద్రలతా ,
534,సమసగ,,7,వాగ్వల్లభ మా.పట్వర్థన్,గణదేహా కమలా.,gaNadaehaa-kamalaa.,గణదేహా కమలా. ,
535,భయభయ,,7,200 వాగ్వల్లభ ,గణనాథ,gaNanaatha,"గణనాథ, సిక్త, శ్వేత, మణిమాలా",
536,నసనయ,,7,భ.నా.శా.,గతవిశోక,gataviSOka,గతవిశోక ,
537,నజభజతగ,,11,1.వా.వ. 2.ఛం.సా. మా.పట్వర్థన్,గరుడరుతం,garuDarutaM,"గరుడరుతం, గరుడరుతము ",
538,మసతతర,,8,శ్రీ వేంకటేశాయ సహస్రనామ సహస్రఛందమాల - శ్రీతోపెల్ల బాలసుబ్రహ్మణ్య శర్మ & వేగరాజు శ్రీరామ్,గర్గారోహిత,gargaarOhita,గర్గారోహిత,
539,జభయర,,5,వాగ్వల్లభ ,గలితనాలా,galitanaalaa,గలితనాలా,
540,ననయలగ,,8,వాగ్వల్లభ దుఃఖభంజన,గల్లకమ్,gallakam^,గల్లకమ్,
541,భనభగ,,8,వాగ్వల్లభ ,గహనా,gahanaa,గహనా ,
542,రరరలగ,,7,వాగ్వల్లభ దుఃఖభంజన,గహ్వరం,gahvaraM,గహ్వరం,
543,భజజయభభభగగ,,"9,13,20",కొక్కొండ,గాయక,gaayaka,గాయక ,
544,మసమససమల,,10,కొక్కొండ,గిరిజా,girijaa,గిరిజా ,
545,సనయస,,6,ఛం.సార,గిరిధారీ,giridhaaree,గిరిధారీ,
546,సభసతసగ,,8,మా పట్వర్ధన్,గిరిబాల,giribaala,గిరిబాల,
547,భనగ,,No,వాగ్వల్లభ ,గిలపా,gilapaa,గిలపా,
548,నయరరరయగ,,11,రణపింగళ,గీతకా,geetakaa,"గీతకా, భైరవ",
549,సజజభరసలగ,,13,"ఛం.సార ప్రా.పైం 2.196 వృరక జయదామన్ 3-98/3 కేశవ్ ఛంద, ఛందః ప్రదీప మా.పట్వర్థన్ ",గీతికా,geetikaa,"గీతికా, గీతా, ప్రమదానన సురనిమ్నగా, మునిశేఖర, శేఖర, శర్వరీ",
550,తయల,,No,వాగ్వల్లభ దుఃఖభంజన,గుంజీ,guMjee,గుంజీ,
551,నసజనజగ,,9,రూపగోస్వామి (కావ్యమాల నుండి),గుచ్చక,guchchaka,గుచ్చక ,
552,భభభభభభభతగ,,13,రణపింగళ,గుణమాలాధరా,guNamaalaadharaa,గుణమాలాధరా,
553,నమ,,No,వాగ్వల్లభ దుఃఖభంజన,గుణవతీ,guNavatee,గుణవతీ ,
554,నభభభమససల,,"5,11,16,22",మా.పట్వర్థన్,గుణసుందర,guNasuMdara,గుణసుందర,
555,భసభరయన,,10,సఆంఋసం వగోకృ,గుప్తకాంతి,guptakaaMti,గుప్తకాంతి,
556,భభభరసస,,10,షోడశమహారాజుల చరిత్ర,గులాబి పుష్పము,gulaabi-pushpamu,గులాబి పుష్పము,
557,రతల,,No,వాగ్వల్లభ దుఃఖభంజన,గూర్ణిక,goorNika,గూర్ణిక,
558,సమల,,No,వాగ్వల్లభ దుఃఖభంజన,గృహిణీ,gRhiNee,గృహిణీ,
559,జరభనరనల,,10,సఆంఋసం వగోకృ,గోత్ర,gOtra,గోత్ర ,
560,భతనతయనజలగ,,13,వాగ్వల్లభ దుఃఖభంజన,గోత్రగరీయః,gOtragareeya@h,గోత్రగరీయః,
561,ససల,,No,వాగ్వల్లభ దుఃఖభంజన,గోది,gOdi,గోది,
562,రజరజగల,,9,రణపింగళ,గోప,gOpa,"గోప, కురంగ",
563,నమగగ,,No,వాగ్వల్లభ దుఃఖభంజన,గోపనదీ,gOpanadee,గోపనదీ,
564,రమర,,No,శ్రీ వేంకటేశాయ సహస్రనామ సహస్రఛందమాల - శ్రీతోపెల్ల బాలసుబ్రహ్మణ్య శర్మ & వేగరాజు శ్రీరామ్,గోపయిత్రే,gOpayitrae,గోపయిత్రే ,
565,రసభనమజల,,10,సఆంఋసం వగోకృ,గోపికా,gOpikaa,గోపికా ,
566,మరజరమయస,,12,శ్రీ వేంకటేశాయ సహస్రనామ సహస్రఛందమాల - శ్రీతోపెల్ల బాలసుబ్రహ్మణ్య శర్మ & వేగరాజు శ్రీరామ్,గోపీహస్తా,gOpeehastaa,గోపీహస్తా ,
567,మరస,,No,శ్రీ వేంకటేశాయ సహస్రనామ సహస్రఛందమాల - శ్రీతోపెల్ల బాలసుబ్రహ్మణ్య శర్మ & వేగరాజు శ్రీరామ్,గోప్త్రే,gOptrae,గోప్త్రే ,
568,తరమరతర,,10,శ్రీ వేంకటేశాయ సహస్రనామ సహస్రఛందమాల - శ్రీతోపెల్ల బాలసుబ్రహ్మణ్య శర్మ & వేగరాజు శ్రీరామ్,గోవర్ధనాద్రి,gOvardhanaadri,గోవర్ధనాద్రి ,
569,మమమమమమమమగగ,,"13,19",వృమౌచం,గోవిందానంద,gOviMdaanaMda,గోవిందానంద,
570,మతయనగగ,,5,మోడేకుర్తి,గోవృష,gOvRsha,"గోవృష, స్ఖలితగతీ ",
571,ననభభర,,10,మా.పట్వర్థన్,గౌ,gau,గౌ ,
572,నననసగ,,8,"మోడేకుర్తి, పింగ 7-4 మా పట్వర్ధన్",గౌరి 2,gauri-2,గౌరి 2,
573,ననసరగ,,7,వృర జయ 3-70.8 81(70.8),గౌరీ 3,gauree-3,గౌరీ 3,
574,రభరస,,7,శ్రీ వేంకటేశాయ సహస్రనామ సహస్రఛందమాల - శ్రీతోపెల్ల బాలసుబ్రహ్మణ్య శర్మ & వేగరాజు శ్రీరామ్,గ్రహయిత్రే,grahayitrae,గ్రహయిత్రే ,
575,మభసభమభగ,,10,వాగ్వల్లభ దుఃఖభంజన,గ్రావాస్తరణం,graavaastaraNaM,గ్రావాస్తరణం,
576,ననభసలగ,,8,మా.పట్వర్థన్,ఘనమయూర,ghanamayoora,ఘనమయూర ,
577,ననభసరలగ,,13,మోడేకుర్తి,ఘనమయూరము,ghanamayooramu,ఘనమయూరము,
578,జజభభభగ,,7,ఛం.సార ఛంప్ర. పే 176,ఘనశ్యామ,ghanaSyaama,ఘనశ్యామ,
579,సభభభభభభగ,,13,సఆంఋసం వగోకృ,ఘనశ్రీ వృత్తము,ghanaSree-vRttamu,ఘనశ్రీ వృత్తము,
580,నభరసనత,,10,సఆంఋసం వగోకృ,ఘృణికారక,ghRNikaaraka,ఘృణికారక ,
581,మమరరగ,,7,"200 లక్షణ. ""చంచరీకావళి"" - అప్పక.",చంచరీకావళి చంచరీకాతతి,chaMchareekaavaLi-chaMchareekaatati,చంచరీకావళి చంచరీకాతతి,
582,యమరరగ,,7,"ఛం.సార, HCS 2-204 మా.పట్వర్థన్",చంచరీకావళీ,chaMchareekaavaLee,"చంచరీకావళీ, చంద్రిణి",
583,తనససగ,,8,పింగళ ప్రకాశ,చండీ,chaMDee,చండీ,
584,ననససగ,,6,"1. వా.వ. 2. ఛం.సా, హేమ 2-218, ఛంమౌ ఛంకౌ, ఛంప్ర. (7) కొక్కొండ(9) మా.పట్వర్థన్ భ.నా.శా. ఛందార్ణవ",చండీ 2,chaMDee-2,"చండీ 2, హాకలికా, కమలలోచనా, కమలాక్షీ, సంజ్ఞా, శయలాక్షీ",
585,రజతతననస,,"7,16",హేమచంద్ర 2-349 భనాశా. 32-292 మా.పట్వర్థన్ భ.నా.శా.,చందనప్రకృతి,chaMdanaprakRti,"చందనప్రకృతి, శ్రేణి చందన",
586,జరభరజగల,,10,సఆంఋసం వగోకృ,చంద్ర,chaMdra,చంద్ర,
587,మభనయయయ,,12,వాగ్వల్లభ దుఃఖభంజన,చంద్ర లేఖా,chaMdra-laekhaa,"చంద్ర లేఖా, చిత్ర లేఖా",
588,రససతజజగ,,11,"200 హేచంద్ర 2-330,  జయకీర్తి 2-229",చంద్రకళ,chaMdrakaLa,"చంద్రకళ, ఊర్జిత, శార్ఙ్గి",
589,రరమసయ,,8,మోడేకుర్తి/ రణపింగళ మా.పట్వర్థన్,చంద్రకాంత 3,chaMdrakaaMta-3,చంద్రకాంత 3,
590,రరతయయ,,7,చందకౌస్తుభ 2-120,చంద్రకాంతా 1,chaMdrakaaMtaa-1,చంద్రకాంతా 1,
591,రరమయయ,,7,వృర 3.84 2.హేమఛంశా మా.పట్వర్థన్,చంద్రకాంతా 2,chaMdrakaaMtaa-2,"చంద్రకాంతా 2, చంద్రలేఖా, సోమలేఖ",
592,ననతగగ,,7,మా.పట్వర్థన్ వాగ్వల్లభ దుఃఖభంజన,చంద్రకాంతి,chaMdrakaaMti,"చంద్రకాంతి, పరిమళ, లలితం ",
593,ససజభసయ,,11,రణపింగళ,చంద్రకుల,chaMdrakula,చంద్రకుల,
594,నరజరజగ,,10,మోడేకుర్తి,చంద్రభాను,chaMdrabhaanu,చంద్రభాను,
595,నననజననల,,11,ప్రా.పైం. 2-190 రణపింగళ మా పట్వర్ధన్,చంద్రమన్,chaMdraman^,"చంద్రమన్, చంద్రమాలా, చంద్ర, శశిసృ",
596,ననమమయయ,,13,హేచంచంశా 2.307 స్వయంభూ 1-37 మా.పట్వర్థన్ వాగ్వల్లభ దుఃఖభంజన,చంద్రమాల,chaMdramaala,"చంద్రమాల, అనంగలేఖా, నీలశార్దూలం",
597,రయ,,No,కొక్కొండ,చంద్రమౌళి,chaMdramauLi,చంద్రమౌళి ,
598,రనజరజగ,,10,మోడేకుర్తి,చంద్రరేఖ,chaMdraraekha,చంద్రరేఖ,
599,మరమయయ,,8,200 1. వాగ్వల్లభ 2. లక్షణ. అప్పక. వృత్త రత్నాకరం మంమచం,చంద్రరేఖ 2,chaMdraraekha-2,"చంద్రరేఖ 2, చంద్రలేఖా1 చంద్రసేనా ",
600,నసరరగ,,7,1 ఛం.సార 2. మో.ఆం. 3.వృ.మౌ./వృ.ర. మా.పట్వర్థన్,చంద్రరేఖా,chaMdraraekhaa,"చంద్రరేఖా, చంద్రలేఖ, చంద్రలేఖం ",
601,రరతతమ,,9,జయకీర్తి 2.120,చంద్రలేఖా,chaMdralaekhaa,చంద్రలేఖా ,
602,రనభస,,7,200 కేశవ్ ఛంద మా.పట్వర్థన్,చంద్రవర్త్మ,chaMdravartma,"చంద్రవర్త్మ, చంద్రబ్రహ్మ",
603,రసభస,,7,జయదేవచ్ఛందం,చంద్రవర్మ్య 2,chaMdravarmya-2,చంద్రవర్మ్య 2,
604,నరతతతగ,,8,,చంద్రశాల,chaMdraSaala,చంద్రశాల ,
605,నజరజర,,13,200,చంద్రశేఖర,chaMdraSaekhara,చంద్రశేఖర,
606,యమనసరగ,,12,200 వాగ్వల్లభ 2. హేమచంద్ర HCS 2.273 3. జయకీర్తి భనాశా మా.పట్వర్థన్,చంద్రశ్రీ,chaMdraSree,"చంద్రశ్రీ, ప్రవరలలితం 2 జయానంద 3 సులలిత",
607,మరసరరస,,10,శ్రీ వేంకటేశాయ సహస్రనామ సహస్రఛందమాల - శ్రీతోపెల్ల బాలసుబ్రహ్మణ్య శర్మ & వేగరాజు శ్రీరామ్,చంద్రశ్రీఖండ,chaMdraSreekhaMDa,చంద్రశ్రీఖండ ,
608,రసజజగ,,7,వాగ్వల్లభ దుఃఖభంజన మా.పట్వర్థన్,చంద్రహాసకరా రాగిణీ,chaMdrahaasakaraa-raagiNee,చంద్రహాసకరా రాగిణీ ,
609,మమమమమగ,,10,1. వా.వ 2. మో.ఆం 3. వృమౌచం హేమచంద్ర మా.పట్వర్థన్,చంద్రా పీడం,chaMdraa-peeDaM,"చంద్రా పీడం, బ్రహ్మ, బ్రహ్మరూపకము, బ్రహ్మ రామ, కాముకీ, బ్రహ్మాణీ",
610,ననరలగ,,7,200 మా.పట్వర్థన్ భ.నా.శా. ఛందార్ణవ,చంద్రిక,chaMdrika,"చంద్రిక, భద్రిక, ప్రసభ, అపరవక్ర, సముద్రికా",
611,ననతరగ,,8,"1. మోడేకుర్తి 2.వృ.మౌ.చం, వృ.ర. Kd మా.పట్వర్థన్",చంద్రికా,chaMdrikaa,"చంద్రికా, క్షమా, ఊర్వశీ, చారుచంద్రికా ",
612,రసజససర,,10,శ్రీ వేంకటేశాయ సహస్రనామ సహస్రఛందమాల - శ్రీతోపెల్ల బాలసుబ్రహ్మణ్య శర్మ & వేగరాజు శ్రీరామ్,చంద్రికాస్మిత,chaMdrikaasmita,చంద్రికాస్మిత ,
613,ననమరర,,7,హేమచంద్ర ఛందొను శాసనం 2.247 మా.పట్వర్థన్,చంద్రోద్యోత,chaMdrOdyOta,చంద్రోద్యోత,
614,మభనయలగ,,7,శబ్దకల్పద్రుమ వృరక జయ ఛంప్ర. మా.పట్వర్థన్,చంద్రౌరసా,chaMdraurasaa,చంద్రౌరసా ,
615,సజసససలగ,,9,200 అప్పక.,చంపకకేసరి,chaMpakakaesari,చంపకకేసరి ,
616,నజభజజజర,,11,200 వృరక జయ 3-99/1A మా.పట్వర్థన్,చంపకమాల,chaMpakamaala,"చంపకమాల, సరసీ, చంపకమాలికా, చిత్రలతా, ధృతశ్రీ, శశివదనా, పంచకావళీ, రుచిరా, సిద్ధి, సలిలనిధి, జయకీర్తి, హేమచంద్ర, వృరక",
617,భమసగ,,7,200 1. వాగ్వల్లభ 2. ఛం.కౌ 3. మో.ఆం.(యతి 6) మా.పట్వర్థన్ భ.నా.శా.,చంపకమాలి,chaMpakamaali,"చంపకమాలి, రూపవతీ, రుక్మవతీ రుగ్మవతి పుష్ప సముద్ర వృంతసమృద్ధా ",
618,నతసజజజర,,13,రణపింగళ,చంపకమాలికా,chaMpakamaalikaa,"చంపకమాలికా, చంపకమాలి",
619,జజజజగ,,7,పింగళ ప్రకాశ,చంపకలీ,chaMpakalee,చంపకలీ,
620,భసమతనగ,,9,1. ఛం.సార 2. వాగ్వల్లభ ,చకితా,chakitaa,చకితా ,
621,భతమతనగ,,7,మా.పట్వర్థన్,చకితా 2,chakitaa-2,చకితా 2,
622,భభభభభభభలగ,,"7,13,19",ఛందోరామా 1894 P 6,చకోర,chakOra,చకోర,
623,భభభభభభభగల,,13,ఛం.సార వాగ్వల్లభ  కేశవ్ ఛంద రణపింగళ,చకోర 2,chakOra-2,"చకోర 2, చకోరః వసుధ, మంజుల",
624,భనననలగ,,7,1. వాగ్వల్లభ 2.ఛం.సార 3.శబ్దకల్పద్రుమ 4. ఛందఃప్రదీప 1884 మా.పట్వర్థన్ ఛందార్ణవ,చక్రం,chakraM,"చక్రం, చక్ర, చక్రపదం, చక్రధర చక్రవిరతి",
625,ననసససమగగ,,11,రణపింగళ,చతురానన,chaturaanana,చతురానన,
626,జభగగ,,No,వాగ్వల్లభ దుఃఖభంజన,చతురీహా,chatureehaa,చతురీహా,
627,నజజయననననగ,,13,హేమచంద్ర ఛందోనుశాసనం 2-375 ,చపల,chapala,చపల,
628,భమసభనననలగ,,"10,19","హేమచంద్ర 2-363, ",చపల గతి,chapala-gati,చపల గతి ,
629,భభజలగ,,7,రణపింగళ,చపలా 2,chapalaa-2,చపలా 2,
630,నననజనలగ,,11,లక్షణ శిరోమణి,చమరివాల,chamarivaala,చమరివాల ,
631,ననరనర,,11,వాగ్వల్లభ దుఃఖభంజన,చమరీచరం,chamareecharaM,చమరీచరం,
632,యనలల,,No,వాగ్వల్లభ దుఃఖభంజన,చయనం,chayanaM,చయనం,
633,నననననగ,,10,హేమచంద్ర ఛంశా 2-272 మా పట్వర్ధన్,చలధృతి,chaladhRti,"చలధృతి, ధవళ",
634,మభనజభర,,10,1. ఛం.సార 2. శ.క.ద్రు HCS/VRN/ అచలం స్వ.భూ.ఛం ఛంప్ర. రణపింగళ,చలా,chalaa,"చలా, చలం",
635,రజగ,,No,1.వాగ్వల్లభ 2.వృ.మౌ.చం. 3.కవి కావ్యా లక్షణ అప్పక.సునామం_నాగ,చామర,chaamara,"చామర, సమానికా విభూతి, సంస్తుతి",
636,గల,,No,మోడేకుర్తి ,చారు,chaaru,చారు ,
637,ననసమనజరజగగ,,"10,19",వాగ్వల్లభ దుఃఖభంజన,చారుగతిః,chaarugati@h,చారుగతిః,
638,రనసల,,8,వాగ్వల్లభ దుఃఖభంజన,చారుచారణం,chaaruchaaraNaM,చారుచారణం ,
639,జమజగ,,6,మా.పట్వర్థన్,చారులక్షణా,chaarulakshaNaa,చారులక్షణా ,
640,మభభమమ,,7,వాగ్వల్లభ దుఃఖభంజన,చార్వటకం,chaarvaTakaM,చార్వటకం,
641,ననజగ,,8,వాగ్వల్లభ మా.పట్వర్థన్,చితిభృతం,chitibhRtaM,"చితిభృతం, పటహ ",
642,రరరనజతతతగ,,"10,18",వాగ్వల్లభ దుఃఖభంజన,చిత్తచింతామణిః,chittachiMtaamaNi@h,చిత్తచింతామణిః,
643,నజగగ,,No,"మోడేకుర్తి, భ.నా.శా, మా.పట్వర్థన్ భ.నా.శా.",చిత్తవిలాసితము,chittavilaasitamu,"చిత్తవిలాసితము, చిత్తవిలసితం",
644,రజరజభలల,,9,సఆంఋసం వగోకృ,చిత్ర భాను,chitra-bhaanu,చిత్ర భాను ,
645,రజరజరల,,9,"1. వాగ్వల్లభ 2. ఛం.సా. 3. శ.క.ద్రు. కేశవ్ ఛంద, కొక్కొండ",చిత్రం,chitraM,"చిత్రం, చంచలా, చిత్రమ్, చిత్ర, బ్రహ్మరూపక, చంచల, చిత్రశోభ",
646,రనరనరనలగ,,,మా.పట్వర్థన్,చిత్రకము,chitrakamu,చిత్రకము ,
647,రతర,,No,శ్రీ వేంకటేశాయ సహస్రనామ సహస్రఛందమాల - శ్రీతోపెల్ల బాలసుబ్రహ్మణ్య శర్మ & వేగరాజు శ్రీరామ్,చిత్రకూట,chitrakooTa,"చిత్రకూట, చిత్రకూటము ",
648,భభగగ,,No,1.వాగ్వల్లభ  2.మో.ఆం. 3.శ.క.ద్రు మా పట్వర్ధన్,చిత్రపదా,chitrapadaa,"చిత్రపదా, షట్పదము, చిత్రపదము ",
649,మరభనతతగగ,,14,1ఛం.సార 2. వృ.జా.స.3.స్వ భూ భం/హైచంశా వృరక జయ 3-97/1,చిత్రమాలా,chitramaalaa,"చిత్రమాలా, సువంశా, సుప్రభా ",
650,ననజభజగగ,,11,మోడేకుర్తి,చిత్రలేఖా,chitralaekhaa,చిత్రలేఖా,
651,మననతతమ,,12, వృరక 3. 94 మా.పట్వర్థన్ రణపింగళ,చిత్రలేఖా 2,chitralaekhaa-2,"చిత్రలేఖా 2, చలచిత్రలేఖా ",
652,మమమయయ,,9,"1.వాగ్వల్లభ, .ఛం.సార 2. ఛంధఃకౌస్తుభ మా.పట్వర్థన్",చిత్రా 2,chitraa-2,"చిత్రా 2, చిత్రమ్, చిత్రా",
653,రసజసగల,,8,సఆంఋసం వగోకృ,చిన్మయ,chinmaya,చిన్మయ ,
654,యనగ,,No,వాగ్వల్లభ దుఃఖభంజన,చిరరుచి,chiraruchi,చిరరుచి,
655,భరసతమస,,10,శ్రీ వేంకటేశాయ సహస్రనామ సహస్రఛందమాల - శ్రీతోపెల్ల బాలసుబ్రహ్మణ్య శర్మ & వేగరాజు శ్రీరామ్,చురికా,churikaa,"చురికా, ప్రోల్లసచ్చురికా ",
656,ననన,,No,1.వా.వ  2. మో.ఆం. 3.వృ.మౌ.చం  ,చులకం,chulakaM,"చులకం, మంజులము, కమలము, సులలితమ్ ",
657,తభగ,,No,1. మో.ఆం. 2. వా.వ.,చూడామణి,chooDaamaNi,"చూడామణి, నిర్వాధికా",
658,సమరసభరరగ,,"13,19",మా.పట్వర్థన్,చూతకంజ,chootakaMja,చూతకంజ ,
659,యయయనమయయయలగ,,16,మోడేకుర్తి,చేటీగతి,chaeTeegati,చేటీగతి,
660,యయయయయయయయలగ,,16,మందారమరందచంపూ 20-1,చేటీగతి 2,chaeTeegati-2,చేటీగతి 2,
661,తభసజగగ,,10,వాగ్వల్లభ బృహజ్జాతకం వరాహ 23 అ.4శ్లో.,చేలాంచలం,chaelaaMchalaM,"చేలాంచలం, వేలాంచలం, వేలాంతరం",
662,తనజయ,,9,వాగ్వల్లభ ,ఛలితక పదం,Chalitaka-padaM,ఛలితక పదం,
663,నతభగ,,7,వాగ్వల్లభ దుఃఖభంజన,ఛలితకం,ChalitakaM,ఛలితకం ,
664,రయమనసతతగ,,"7,13",మా.పట్వర్థన్,ఛాయ,Chaaya,ఛాయ,
665,యమనసతతగ,,13,1.వా.వ.19-10 2.హేమచంద్ర 2-325. 3. స్వయంభూ 1-51 ,ఛాయా 1,Chaayaa-1,ఛాయా 1 ,
666,యమనసభతగ,,13,వృరక 3-96/9(జయదామన్),ఛాయా 2,Chaayaa-2,ఛాయా 2,
667,నరజరయగ,,10,సఆంఋసం వగోకృ,జగచ్చక్షు,jagachchakshu,జగచ్చక్షు,
668,ససజరగ,,7,వాగ్వల్లభ దుఃఖభంజన,జగత్సమానికా,jagatsamaanikaa,జగత్సమానికా,
669,తనససనసజయ,,"10,19",మోడేకుర్తి లక్షణ శిరోమణి,జగద్ధిత,jagaddhita,జగద్ధిత ,
670,నయసమస,,9,వాగ్వల్లభ దుఃఖభంజన,జన నిధివేలా,jana-nidhivaelaa,జన నిధివేలా,
671,నసతజభర,,9,మా.పట్వర్థన్,జననీముద,jananeemuda,జననీముద ,
672,సనజనజనన,,11,సఆంఋసం వగోకృ,జనశక్తి,janaSakti,జనశక్తి,
673,ససభససస,,10,సఆంఋసం వగోకృ,జయ,jaya,జయ,
674,మరరసలగ,,8,మా.పట్వర్థన్,జయ 2,jaya-2,జయ 2,
675,రననసర,,9,సఆంఋసం వగోకృ,జయశ్రీ,jayaSree,జయశ్రీ,
676,తభతగల,,5,ఛందస్కలావతీ,జయా,jayaa,జయా,
677,జజజగ,,5,వాగ్వల్లభ దుఃఖభంజన మా.పట్వర్థన్,జరా ఉషితా,jaraa-ushitaa,జరా ఉషితా,
678,భభభజలగ,,11,మోడేకుర్తి,జలంధరము,jalaMdharamu,జలంధరము ,
679,నయనరససర,,"7,13",సునందినీ పరిణయము కో.శ్రీ,జలజలోచన,jalajalOchana,"జలజలోచన, హ్లాద",
680,మమతననననజభర,,"13,19,25",ఛందోవిచతి,జలద,jalada,జలద ,
681,భరనభగ,,10,200 కొక్కొండ,జలదము,jaladamu,జలదము ,
682,నసయయలగ,,7,"వాగ్వల్లభ మా పట్వర్ధన్, అప్ప.క",జలదరసితా,jaladarasitaa,"జలదరసితా, జనకతనయ, నరక పుష్పిణీ",
683,భభభజగగ,,10,కవి. ,జలధర,jaladhara,జలధర,
684,మభసమ,,9,200,జలధరమాల,jaladharamaala,జలధరమాల ,
685,భభమస,,5,"మోడేకుర్తి, మందార మరందచంపూ 17 రణపింగళ మా.పట్వర్థన్",జలమాల,jalamaala,జలమాల,
686,మసభభననననగ,,"11,19",లక్షణ శిరోమణి,జలరుహ,jalaruha,జలరుహ,
687,జసజస,,8,200 మా.పట్వర్థన్,జలోద్ధతగతి,jalOddhatagati,జలోద్ధతగతి ,
688,జతరగ,,6,మా.పట్వర్థన్ ఛందస్కలావతీ,జలౌఘూవేగా నిరూపణమ్,jalaughoovaegaa-niroopaNam^,జలౌఘూవేగా నిరూపణమ్ ,
689,నరయలగ,,7,వాగ్వల్లభ దుఃఖభంజన,జవనశాలినీ,javanaSaalinee,జవనశాలినీ,
690,సనజనభగగ,,11,కొక్కొండ,జాగ్రత్,jaagrat^,జాగ్రత్ ,
691,రసజసస,,7,శ్రీ వేంకటేశాయ సహస్రనామ సహస్రఛందమాల - శ్రీతోపెల్ల బాలసుబ్రహ్మణ్య శర్మ & వేగరాజు శ్రీరామ్,జాగ్రదంబు,jaagradaMbu,జాగ్రదంబు ,
692,సరసభజజభగ,,13,శ్రీ వేంకటేశాయ సహస్రనామ సహస్రఛందమాల - శ్రీతోపెల్ల బాలసుబ్రహ్మణ్య శర్మ & వేగరాజు శ్రీరామ్,జామదగ్ని,jaamadagni,"జామదగ్ని, జమదగ్ని ",
693,సమరగగ,,7,వాగ్వల్లభ దుఃఖభంజన,జాలపాదము,jaalapaadamu,జాలపాదము,
694,భజల,,No,వాగ్వల్లభ దుఃఖభంజన,జాసరి,jaasari,జాసరి,
695,మసతసజజర,,14,శ్రీ వేంకటేశాయ సహస్రనామ సహస్రఛందమాల - శ్రీతోపెల్ల బాలసుబ్రహ్మణ్య శర్మ & వేగరాజు శ్రీరామ్,జాహ్నవి,jaahnavi,"జాహ్నవి, జాహ్నవ్యానది ",
696,తభజలగ,,6,1. వా.వ. 2. ఛం.సా. ౩.చం.సమీక్షా భ.నా.శా.,జిహ్వాశయా,jihvaaSayaa,"జిహ్వాశయా, చపలా, ఉత్థాపినీ, విశ్లోక",
697,రనభనరజ,,10,సఆంఋసం వగోకృ,జీవన వృత్తము,jeevana-vRttamu,జీవన వృత్తము,
698,తనభభసగ,,10,మోడేకుర్తి 2కొక్కొండ,జ్ఞాన,j~naana,జ్ఞాన ,
699,రజమజజలల,,9,సఆంఋసం వగోకృ,జ్ఞానరూప,j~naanaroopa,జ్ఞానరూప,
700,భజమమల,,8,సఆంఋసం వగోకృ,జ్యోతిశ్రీ,jyOtiSree,జ్యోతిశ్రీ ,
701,మరమయలగ,,7,మా.పట్వర్థన్,జ్యోత్స,jyOtsa,జ్యోత్స ,
702,తరజతజస,,11,శ్రీ వేంకటేశాయ సహస్రనామ సహస్రఛందమాల - శ్రీతోపెల్ల బాలసుబ్రహ్మణ్య శర్మ & వేగరాజు శ్రీరామ్,జ్వాలాకరాళ,jvaalaakaraaLa,జ్వాలాకరాళ ,
703,నయమమజమగ,,12,వాగ్వల్లభ దుఃఖభంజన,ఝిల్లీలీలా,jhilleeleelaa,ఝిల్లీలీలా,
704,సససససససయ,,13,రణపింగళ,ఝూలన,jhoolana,ఝూలన,
705,సజజభరసగ,,11,రణపింగళ,ఝూలనా,jhoolanaa,ఝూలనా,
706,నససజభజభజగగ,,13,రణపింగళ,ఝూలనా 2,jhoolanaa-2,ఝూలనా 2 ,
707,నసయనరభజతగగ,,"10,19",రణపింగళ,ఝూలనా 3,jhoolanaa-3,"ఝూలనా 3, ఝుల్లణా",
708,రనరనరనగ,,10,వాగ్వల్లభ దుఃఖభంజన,టంకణం,TaMkaNaM,టంకణం,
709,రరజనరస,,10,శ్రీ వేంకటేశాయ సహస్రనామ సహస్రఛందమాల - శ్రీతోపెల్ల బాలసుబ్రహ్మణ్య శర్మ & వేగరాజు శ్రీరామ్,డండకారణ్య,DaMDakaaraNya,డండకారణ్య ,
710,సతజసనగ,,9,మోడేకుర్తి కొక్కొండ,డమరుక,Damaruka,డమరుక ,
711,జసనజర,,11,200,డిండిమ,DiMDima,డిండిమ ,
712,సత,,No,వాగ్వల్లభ దుఃఖభంజన,ఢుంఢి,DhuMDhi,ఢుంఢి ,
713,మయ,,No,వాగ్వల్లభ దుఃఖభంజన,తంత్రీ,taMtree,తంత్రీ ,
714,భభభభభభభ,,10,వాగ్వల్లభ ,తడిదంబరం,taDidaMbaraM,తడిదంబరం,
715,ననమతగ,,8,మా పట్వర్ధన్,తత,tata,తత,
716,రజరజ,,7,"వృరక జయదామన్, రణపింగళ",తతి,tati,"తతి, పంచచామర",
717,మమమనజనతయగగ,,"9,19",వాగ్వల్లభ దుఃఖభంజన,తనుకిలకించితం,tanukilakiMchitaM,తనుకిలకించితం,
718,యమయనరర,,"8,15",మోడేకుర్తి కొక్కొండ,తనుమధ్యమా,tanumadhyamaa,తనుమధ్యమా ,
719,తయ,,No,కవి .కావ్యా. అనం. లక్షణ అప్పక.తికం.నాగ. వా.వ.,తనుమధ్యా,tanumadhyaa,"తనుమధ్యా, తనుమధ్య",
720,భతనసభభనయ,,13,"200 కేశవ్ ఛంద, కొక్కొండ మా.పట్వర్థన్",తన్వి,tanvi,"తన్వి, సురలలనా, నయవిశాలా",
721,మతనసభభనయ,,13,వాగ్వల్లభ హేమచంశా 2-365,తన్వీ 2,tanvee-2,తన్వీ 2,
722,సమసమమగగ,,11,ఛం.సార ఛంప్ర. ,తరంగ,taraMga,తరంగ,
723,తభరగల,,7,కేశవ్ ఛంద,తరంగిణి,taraMgiNi,తరంగిణి,
724,సనయనయనగ,,10,ఛం.సార,తరల 1,tarala-1,తరల 1,
725,నననన,,7,"ఛం.సార, 2. ఛం.సమీక్షా మా పట్వర్ధన్",తరలనయన,taralanayana,"తరలనయన, నూపురధ్వని",
726,నభరసజజగ,,12,200 కవి. కావ్యా (ధ్రువకోకిల).అనం. లక్షణ. అప్పక. నాగ. HCS ఛంశా మంమచం 19-8 మా.పట్వర్థన్ రణపింగళ,తరలము,taralamu,"తరలము, ధ్రువకోకిల, తరల, తరలం, సరలం",
727,భసనజనర,,11,200 1. ఛం.సార 2. శబ్దకల్పద్రుమ మా.పట్వర్థన్ రణపింగళ,తరలి,tarali,"తరలి, హీర, హీరకం",
728,నససజజగ,,10,వాగ్వల్లభ దుఃఖభంజన,తరవారికా,taravaarikaa,తరవారికా,
729,ససససససగ,,10,"హేచంద్ర 2-333,  కవిదర్పణ 4-87 మా.పట్వర్థన్ (7,13)",తరుణీవదనేందు,taruNeevadanaeMdu,"తరుణీవదనేందు, తరుణీ ",
730,నననననననల,,"9,17",వృత్తమౌక్తిక,తరువర,taruvara,తరువర ,
731,భతతభనరగ,,10,200 TBS,తలుపులమ్మ,talupulamma,తలుపులమ్మ ,
732,భభభభభజమ,,12,వాగ్వల్లభ ,తల్పకతల్లజం,talpakatallajaM,తల్పకతల్లజం,
733,సననసనయ,,12,కొక్కొండ,తాండవజవ 1,taaMDavajava-1,తాండవజవ 1,
734,తసజసససర,,10,శ్రీ వేంకటేశాయ సహస్రనామ సహస్రఛందమాల - శ్రీతోపెల్ల బాలసుబ్రహ్మణ్య శర్మ & వేగరాజు శ్రీరామ్,తాపజ్వరవినాశ,taapajvaravinaaSa,తాపజ్వరవినాశ ,
735,నజజయ,,8,"200, 1. వా.వ. 2. శ.క.ద్రు. 3.మో.ఆం.4కొక్కొండ మా.పట్వర్థన్ సర్వసమవృత్త ప్రభావః సివిరమణ మైసూర్",తామరసము,taamarasamu,"తామరసము, తోదకము అభినవతామరస (కమలవిలాసిని, తామరస, లలితపద, తోదక, తోవక, దోధక, కలరవ) ",
736,సనజజనగగ,,11,"కొక్కొండ, మోడేకుర్తి",తారక,taaraka,తారక ,
737,ససససగ,,9,"వాగ్వల్లభ ఛంప్ర. పే 159 కేశవ్ ఛంద, మా.పట్వర్థన్",తారకం తారక,taarakaM-taaraka,తారకం తారక,
738,జననననజలగ,,11,సఆంఋసం వగోకృ,తారాపథ,taaraapatha,తారాపథ ,
739,నసయస,,7,ఛం.సార ఛంప్ర. ,తారిణీ,taariNee,తారిణీ,
740,భనయననగగ,,10,వాగ్వల్లభ దుఃఖభంజన,తితిక్షా,titikshaa,తితిక్షా,
741,సస,,No,వా.వ లక్షణ.అప్పక. కుముదం నాగ వృ.మౌ.చం.,తిలకా,tilakaa,"తిలకా, వసుధ, తిలకా, రమణీ",
742,ననననననససల,,"9,13,19",మా.పట్వర్థన్,తిలకిత,tilakita,తిలకిత ,
743,రసరయస,,7,శ్రీ వేంకటేశాయ సహస్రనామ సహస్రఛందమాల - శ్రీతోపెల్ల బాలసుబ్రహ్మణ్య శర్మ & వేగరాజు శ్రీరామ్,తీర్ధరాజ,teerdharaaja,"తీర్ధరాజ, తీర్ధరాజా ",
744,మయజభజస,,12,శ్రీ వేంకటేశాయ సహస్రనామ సహస్రఛందమాల - శ్రీతోపెల్ల బాలసుబ్రహ్మణ్య శర్మ & వేగరాజు శ్రీరామ్,తీర్ధస్నాతృసౌఖ్య,teerdhasnaatRsaukhya,తీర్ధస్నాతృసౌఖ్య,
745,ననగగ,,No,"1. .వా.వ.  2.  మోడేకుర్తి కేశవ్ ఛంద, ఛంప్ర. మా.పట్వర్థన్ భ.నా.శా.",తుంగా,tuMgaa,"తుంగా, తుంగము, తురంగం, రతిమాలా, మధుక‌ర, సదృశా",
746,నరసభజజభగ,,12,శ్రీ వేంకటేశాయ సహస్రనామ సహస్రఛందమాల - శ్రీతోపెల్ల బాలసుబ్రహ్మణ్య శర్మ & వేగరాజు శ్రీరామ్,తుంబురూదక,tuMburoodaka,తుంబురూదక ,
747,నననననన,,13,1. వాగ్వల్లభ 2. వృ.మౌ.చం.,తుములకం,tumulakaM,"తుములకం, ఉపవన కుసుమమ్",
748,ననననసజజగగ,,15,సారంగధర కొప్పరపు గోపాల కృష్ణ,తురగ వర్గనము,turaga-varganamu,తురగ వర్గనము,
749,ననననసజజగ,,15,200 వృత్తమౌక్తిక,తురగము,turagamu,"తురగము, అచ్యుత ",
750,తనతనతనతన,,"7,13,19","మోడేకుర్తి, కొక్కొండ",తుల్య-1,tulya-1,తుల్య-1 ,
751,సభతనతనతలగ,,13,మోడేకుర్తి కొక్కొండ,తుల్య2,tulya2,తుల్య2 ,
752,తయలల,,No,"మా.పట్వర్థన్, ఛంప్ర. పే 124 ఛంప్ర. మా పట్వర్ధన్",తృష్ణా,tRshNaa,"తృష్ణా, రామా, సంఫులక",
753,జసభనరజ,,10,స.ఆ.ఋ.సం. ,తేజ,taeja,తేజ,
754,మమలగ,,No,మా.పట్వర్థన్,తేజస్పతి.,taejaspati.,తేజస్పతి. ,
755,సససస,,9,200  భ.నా.శా. మా.పట్వర్థన్,తోటకము,tOTakamu,తోటకము ,
756,భభభలగ,,6,"కవి, కావ్యా, అనం, లక్షణ. అప్పక. ఛంప్ర. పే 143 కేశవ్ ఛంద, ఛంప్ర. ",తోధక,tOdhaka,"తోధక, తలి, కలి హాకలికా1,",
757,సజజ,,No,వాగ్వల్లభ ఛందార్ణవ  ఛందః ప్రదీప,తోమరము,tOmaramu,"తోమరము, వింవతోమర",
758,భభభగగ,,7,"200 1. వా.వ 2.ఛం.సార 3.వృ.మౌ.చం.4 ఛందఃప్రదీప , వాణీభూషన్ మా.పట్వర్థన్ భ.నా.శా.",తోవకము,tOvakamu,"తోవకము, పాదపము, దోధకం, జాహముఖీ, నీలస్వరూప, బంధుః",
759,తయయమగ,,7,"ఛం.సార, ఛంప్ర. ",త్రాతా,traataa,త్రాతా,
760,ననననభనభనస,,"13,19",,త్రిపద లలిత,tripada-lalita,త్రిపద లలిత ,
761,జమతరస,,9,శ్రీ వేంకటేశాయ సహస్రనామ సహస్రఛందమాల - శ్రీతోపెల్ల బాలసుబ్రహ్మణ్య శర్మ & వేగరాజు శ్రీరామ్,త్రిపాదభూమి,tripaadabhoomi,త్రిపాదభూమి ,
762,నయనయనయ,,"7,13",పింగళ ప్రకాశ,త్రిపురారి,tripuraari,త్రిపురారి,
763,ననననననససభమసగ,Yes,"2,10,18",మోడేకుర్తి ప్రాకృతపైంగలం,త్రిభంగి,tribhaMgi,త్రిభంగి,
764,నసభనతజతసయ,,"8,15",2 268 జకి చందస్సు ,త్రిభంగీ 3,tribhaMgee-3,త్రిభంగీ 3,
765,మరయ,,No,మా.పట్వర్థన్,త్రిలోకగామీ,trilOkagaamee,త్రిలోకగామీ ,
766,నజరభభగ,,10,"1.వా.వ. 2. ఛం.సా. 3.జయకీర్తి 4ఛంశా 5ఛంప్ర. మా.పట్వర్థన్, బృహజ్జాతకం",త్రోటకం,trOTakaM,"త్రోటకం, మణికల్పలతా, ఇందుముఖి, చింతామణి, మణికల్పలతా",
767,నననననయ,,11,మోడేకుర్తి,త్వరితపదగతి,tvaritapadagati,త్వరితపదగతి,
768,భనన,,No,వాగ్వల్లభ ,థౌనికం,thaunikaM,థౌనికం,
769,యయయయయయయగ,,13,రణపింగళ,దండికా,daMDikaa,దండికా,
770,తనతనతస,,13,వాగ్వల్లభ దుఃఖభంజన,దండీ,daMDee,దండీ,
771,రసమరరస,,9,శ్రీ వేంకటేశాయ సహస్రనామ సహస్రఛందమాల - శ్రీతోపెల్ల బాలసుబ్రహ్మణ్య శర్మ & వేగరాజు శ్రీరామ్,దంతవక్ర్త,daMtavakrta,"దంతవక్ర్త, దంతవక్ర్తహర ",
772,తమరమయగ,,10,వాగ్వల్లభ దుఃఖభంజన,దంతాలికా,daMtaalikaa,దంతాలికా,
773,భనజనభనన,,11,సఆంఋసం వగోకృ,దక్షత,dakshata,దక్షత,
774,భభభ,,No,వాగ్వల్లభ దుఃఖభంజన,దధి,dadhi,"దధి, ఉదధి",
775,నననలగ,,7,ఛం.సార /వాగ్వల్లభ మా.పట్వర్థన్,దమనక,damanaka,"దమనక, గుణరుచికా, మదన, దమన ",
776,నన,,No,మోడేకుర్తి  వా.వ.,దమనకము,damanakamu,"దమనకము, ఉపలి, దమనకం",
777,జజరసలగ,,7,,దయా,dayaa,"దయా, హంసమాల",
778,ననననననననభస,,"9,17,25",కోవెల చంధపదకోశం ,దర,dara,దర ,
779,యయరరగ,,7,వాగ్వల్లభ పింగళప్రకాశ్,దర్పమాలా,darpamaalaa,"దర్పమాలా, దర్భమాలా, కేసరి",
780,భజసయ,,7,రణపింగళ,దళ,daLa,దళ,
781,తరతరననర,,12,శ్రీ వేంకటేశాయ సహస్రనామ సహస్రఛందమాల - శ్రీతోపెల్ల బాలసుబ్రహ్మణ్య శర్మ & వేగరాజు శ్రీరామ్,దాక్షాయణీ,daakshaayaNee,"దాక్షాయణీ, దాక్షాయణి ",
782,రతతగ,,7,శ్రీ వేంకటేశాయ సహస్రనామ సహస్రఛందమాల - శ్రీతోపెల్ల బాలసుబ్రహ్మణ్య శర్మ & వేగరాజు శ్రీరామ్,దాత్రే,daatrae,దాత్రే ,
783,భసజస,,8,ఛం.సార ఛంప్ర. ,దాన,daana,దాన,
784,ననభలగ,,7,వాగ్వల్లభ దుఃఖభంజన,దామఘటిత,daamaghaTita,దామఘటిత,
785,రరరగగ,,7,వాగ్వల్లభ దుఃఖభంజన,దారదేహ,daaradaeha,దారదేహ,
786,సజసలగ,,6,వాగ్వల్లభ దుఃఖభంజన మా.పట్వర్థన్,దారికా నందినీ,daarikaa-naMdinee,దారికా నందినీ ,
787,సభసభసభసభగ,,"7,13,19",రణపింగళ,దాస,daasa,దాస,
788,సజగగ,,No,వాగ్వల్లభ ఛంప్ర. పే 124 మా.పట్వర్థన్,దిగీశః,digeeSa@h,"దిగీశః, ఈశ ముద్ర ",
789,భభభసభనననలగ,,"7,13,19",లక్షణ శిరోమణి,దినమణి,dinamaNi,దినమణి,
790,జజరభరల,,9,సఆంఋసం వగోకృ,దివాకర,divaakara,దివాకర,
791,భభరభనలల,,12,సఆంఋసం వగోకృ,దివి,divi,దివి,
792,మమమమమమమగగ,,13,వృమౌచం,దివ్యానంద,divyaanaMda,దివ్యానంద,
793,భతనతయ,,9,వాగ్వల్లభ ,దీపకం,deepakaM,దీపకం ,
794,భమజగ,,7,ఛం.సార మా.పట్వర్థన్,దీపకమాలా,deepakamaalaa,దీపకమాలా ,
795,మసజసజసజగ,,13,"హేమ చంశా 2-357,రత్నమంజూష 7-16 మా.పట్వర్థన్",దీపార్చి,deepaarchi,దీపార్చి,
796,భనయననరలగ,,10,హేచంద్ర 2-243 రత్నమంజూష 7-8,దీపికాశిఖ,deepikaaSikha,దీపికాశిఖ,
797,రజరనజగల,,9,సఆంఋసం వగోకృ,దీపిత,deepita,దీపిత,
798,నరభససనల,,10,సఆంఋసం వగోకృ,దీప్తి,deepti,దీప్తి,
799,మభసభతల,,7,సఆంఋసం వగోకృ,దుర్మతి,durmati,దుర్మతి,
800,తసజరజజర,,10,శ్రీ వేంకటేశాయ సహస్రనామ సహస్రఛందమాల - శ్రీతోపెల్ల బాలసుబ్రహ్మణ్య శర్మ & వేగరాజు శ్రీరామ్,దుర్యోధన,duryOdhana,"దుర్యోధన, దుర్యోధనవిమానితాయ ",
801,మరజతరజర,,11,శ్రీ వేంకటేశాయ సహస్రనామ సహస్రఛందమాల - శ్రీతోపెల్ల బాలసుబ్రహ్మణ్య శర్మ & వేగరాజు శ్రీరామ్,దుర్వాసోదృష్టి,durvaasOdRshTi,"దుర్వాసోదృష్టి, దుర్వాసాత్మ ",
802,రసజతరతర,,10,శ్రీ వేంకటేశాయ సహస్రనామ సహస్రఛందమాల - శ్రీతోపెల్ల బాలసుబ్రహ్మణ్య శర్మ & వేగరాజు శ్రీరామ్,దుష్టనిగ్రహ,dushTanigraha,"దుష్టనిగ్రహ, దుష్టనిగ్రహకార ",
803,మరభనయరర,,15,వాగ్వల్లభ దుఃఖభంజన,దూరావలోకః,dooraavalOka@h,దూరావలోకః,
804,నయరససగ,,8,ఛందార్ణవ భిఖారీదాస్,దృఢపట,dRDhapaTa,దృఢపట,
805,యరతతగగ,,8,మా పట్వర్ధన్,దృప్తదేహా,dRptadaehaa,దృప్తదేహా,
806,భతయసగగ,,9,మోడేకుర్తి కొక్కొండ,దేవ,daeva,దేవ ,
807,రరతససర,,10,శ్రీ వేంకటేశాయ సహస్రనామ సహస్రఛందమాల - శ్రీతోపెల్ల బాలసుబ్రహ్మణ్య శర్మ & వేగరాజు శ్రీరామ్,దేవకి,daevaki,"దేవకి, దేవకీగర్భసంభూత ",
808,రననజరలగ,,11,మోడేకుర్తి,దేవదత్త,daevadatta,దేవదత్త ,
809,నరనజభస,,11,మోడేకుర్తి,దేవరాజము,daevaraajamu,దేవరాజము,
810,మయల,,No,వాగ్వల్లభ దుఃఖభంజన,దేవళము,daevaLamu,దేవళము,
811,రతజభజరస,,12,శ్రీ వేంకటేశాయ సహస్రనామ సహస్రఛందమాల - శ్రీతోపెల్ల బాలసుబ్రహ్మణ్య శర్మ & వేగరాజు శ్రీరామ్,దైత్యకాయ,daityakaaya,దైత్యకాయ ,
812,రమస,,No,శ్రీ వేంకటేశాయ సహస్రనామ సహస్రఛందమాల - శ్రీతోపెల్ల బాలసుబ్రహ్మణ్య శర్మ & వేగరాజు శ్రీరామ్,దైత్యయోద్ధ్రే,daityayOddhrae,దైత్యయోద్ధ్రే ,
813,తసజతసలగ,,10,శ్రీ వేంకటేశాయ సహస్రనామ సహస్రఛందమాల - శ్రీతోపెల్ల బాలసుబ్రహ్మణ్య శర్మ & వేగరాజు శ్రీరామ్,దైత్యాంబుద,daityaaMbuda,దైత్యాంబుద ,
814,ససయమ,,7,వాగ్వల్లభ ,దోర్లీలా,dOrleelaa,దోర్లీలా,
815,తజల,,No,మోడేకుర్తి,దోష,dOsha,దోష,
816,నజజజరగ,,10,మా.పట్వర్థన్,ద్యువాణినీ,dyuvaaNinee,ద్యువాణినీ,
817,మమస,,No,శ్రీ వేంకటేశాయ సహస్రనామ సహస్రఛందమాల - శ్రీతోపెల్ల బాలసుబ్రహ్మణ్య శర్మ & వేగరాజు శ్రీరామ్,ద్రష్ట్రే,drashTrae,ద్రష్ట్రే ,
818,నభనయ,,9,ఛం.సార వృరక జయ 80,ద్రుతపద 1,drutapada-1,ద్రుతపద 1,
819,నభజయ,,9,వాగ్వల్లభ మా.పట్వర్థన్,ద్రుతపదం,drutapadaM,"ద్రుతపదం, ద్రుతపదా ",
820,ననననమరయగ,,13,వాగ్వల్లభ దుఃఖభంజన,ద్రుతముఖం,drutamukhaM,ద్రుతముఖం,
821,ససజజగ,,7,వాగ్వల్లభ దుఃఖభంజన,ద్రుతలంబినీ,drutalaMbinee,ద్రుతలంబినీ,
822,భభభతనననస,,12,"హేమఛంశా 2-369 భనాశా 32-287,288",ద్రుతలఘుపదగతి,drutalaghupadagati,"ద్రుతలఘుపదగతి, స్ఖలిత",
823,నభభర,,7,200 భిఖారీదాస్ ఛందః ప్రదీప మా.పట్వర్థన్ భ.నా.శా.,ద్రుతవిలంబితము,drutavilaMbitamu,"ద్రుతవిలంబితము, సుందరీ, హరిణప్లుత ",
824,రరజరతరలగ,,10,శ్రీ వేంకటేశాయ సహస్రనామ సహస్రఛందమాల - శ్రీతోపెల్ల బాలసుబ్రహ్మణ్య శర్మ & వేగరాజు శ్రీరామ్,ద్రౌపదీ,draupadee,"ద్రౌపదీ, ద్రౌపదీమాన",
825,రతయగ,,5,వాగ్వల్లభ దుఃఖభంజన,ద్వారవహా,dvaaravahaa,"ద్వారవహా, భారవహా ",
826,సససససససస,,"10,19","1.వా.వ. 2.ఛం.సార ( యతి 13) మంమచం 19-24, ఛందః ప్రదీప రణపింగళ",ద్విమిలా,dvimilaa,"ద్విమిలా, దుర్మిల, చంద్రకళా, ఘోటక, మాధవీ, దుర్లతికా",
827,సనల,,No,వాగ్వల్లభ దుఃఖభంజన,ధనధరి,dhanadhari,ధనధరి,
828,సజనగ,,7,వాగ్వల్లభ దుఃఖభంజన,ధమనికా,dhamanikaa,ధమనికా ,
829,నసజమనభలల,,11,సఆంఋసం వగోకృ,ధరణి,dharaNi,ధరణి,
830,తరసగ,,5,ఛం.సార,ధరణీ,dharaNee,ధరణీ,
831,ననననననననగ,,"8,15","200 1. వా.వ. 2. కవి ""ధరణిగతి"" - లక్షణ. అప్పక. ""విదళితవనమతం"" -నాగ. . (యతి 14) ",ధరణీధరగతి,dharaNeedharagati,"ధరణీధరగతి, జలదరవ, అలకా",
832,జరజరగ,,7,మా.పట్వర్థన్,ధరిత్రీ,dharitree,ధరిత్రీ ,
833,భసనజనభస,,13,"ఛం.సార కేశవ్ ఛంద, ఛంప్ర. రణపింగళ",ధర్మ,dharma,ధర్మ,
834,ననభమ,,7,"1.వాగ్వల్లభ 2. మో.ఆం. సర్వసమవృత్త ప్రభావః సివిరమణ మైసూర్, వృత్తాలంకార రత్నావళి 30",ధవళకరీ,dhavaLakaree,"ధవళకరీ, జ్వాల",
835,ననరననర,,10,మా పట్వర్ధన్,ధవళకుసుమ,dhavaLakusuma,"ధవళకుసుమ, పర్విణీ",
836,మసతతస,,8,శ్రీ వేంకటేశాయ సహస్రనామ సహస్రఛందమాల - శ్రీతోపెల్ల బాలసుబ్రహ్మణ్య శర్మ & వేగరాజు శ్రీరామ్,ధానాభక్షణ,dhaanaabhakshaNa,ధానాభక్షణ ,
837,భసభసరస,,10,సఆంఋసం వగోకృ,ధామ,dhaama,ధామ,
838,మతజతజ,,6,ఛం.సార ఛంప్ర. పే 169 భ.నా.శా.,ధామ 2,dhaama-2,"ధామ 2, భామా",
839,నరజససజ,,10,సఆంఋసం వగోకృ,ధామనిధి,dhaamanidhi,ధామనిధి,
840,నభరజరనల,,10,సఆంఋసం వగోకృ,ధామనిధి 2,dhaamanidhi-2,ధామనిధి 2,
841,రల,,No,మోడేకుర్తి ,ధారి,dhaari,ధారి ,
842,తయసజభగ,,9,సఆంఋసం వగోకృ,ధీ,dhee,ధీ  ,
843,మమమసగగ,,9,వాగ్వల్లభ దుఃఖభంజన,ధీరధ్వానం,dheeradhvaanaM,ధీరధ్వానం,
844,భరనరనగ,,10,1.ఛం.సార 2.వృ.జా.స.,ధీరలలితా,dheeralalitaa,"ధీరలలితా, ప్రముదిత, ధీరలలితా",
845,యయమగ,,8,వాగ్వల్లభ దుఃఖభంజన,ధూమ్రాలీ,dhoomraalee,ధూమ్రాలీ ,
846,మభమ,,No,వాగ్వల్లభ దుఃఖభంజన,ధృతహాలా,dhRtahaalaa,ధృతహాలా,
847,నసగ,,No,1 వా.వ. 2. మో.ఆం. 3. కవి కావ్యా. మధుమతి_అనం లక్షణ .అప్పక. సులభం.నాగ మా.పట్వర్ధన్,ధృతిః,dhRti@h,"ధృతిః, ప్రసవశరము, మదనవిలసిత, సువిశాల",
848,భభజయ,,5,వాగ్వల్లభ ,ధృష్టపదం,dhRshTapadaM,ధృష్టపదం,
849,భనరరస,,10,వాగ్వల్లభ దుఃఖభంజన,ధోరితం,dhOritaM,ధోరితం,
850,భభససననసమ,,13,రణపింగళ,ధౌరేయ,dhauraeya,"ధౌరేయ, మానబింబ",
851,భభససనమసమ,,"10,17",వాగ్వల్లభ  ,ధౌరేయం,dhauraeyaM,ధౌరేయం,
852,తలగ,,No,మోడేకుర్తి ,నంద,naMda,నంద ,
853,భయల,,No,వాగ్వల్లభ దుఃఖభంజన,నందథు,naMdathu,నందథు,
854,నజభజరర,,12,1.వా.వ. 2.ఛం.సా. మా.పట్వర్థన్,నందనం,naMdanaM,"నందనం, నందన, నందనం",
855,రసజజభగగ,,11,మా.పట్వర్థన్,నందరాజ,naMdaraaja,నందరాజ ,
856,భభ,,No,వాగ్వల్లభ దుఃఖభంజన,నంది,naMdi,నంది,
857,సజసరలగ,,7,,నందిని,naMdini,నందిని,
858,భతజగ,,6,200,నందిని 2,naMdini-2,నందిని 2,
859,సమతసగ,,8,రణపింగళ,నందినీ 3,naMdinee-3,నందినీ 3,
860,నరగల,,No,వాగ్వల్లభ  ,నఖపదా,nakhapadaa,"నఖపదా, సువిలాస",
861,సభభస,,7,మా.పట్వర్థన్,నగమహితా,nagamahitaa,నగమహితా,
862,భతయనజజనగ,,9,15,"మోడేకుర్తి , కొక్కొండ ",నతి,nati,నతి
863,నజససగ,,8,రణపింగళ,నదినీ,nadinee,నదినీ,
864,ననతజగగ,,8,ఛం.సార/వృ.ర.నా.టీక. మా.పట్వర్థన్,నదీ,nadee,నదీ,
865,నయసస,,7,"ఛం.సార, ఛంప్ర. పింగళ పీయూష",నభ,nabha,నభ,
866,భనభగగ,,7,కుశలవ కో.శ్రీ,నభో,nabhO,నభో,
867,యరభభనర,,10,శ్రీ వేంకటేశాయ సహస్రనామ సహస్రఛందమాల - శ్రీతోపెల్ల బాలసుబ్రహ్మణ్య శర్మ & వేగరాజు శ్రీరామ్,నభోగంగ,nabhOgaMga,నభోగంగ,
868,తజరగ,,6,"వాగ్వల్లభ దుఃఖభంజన మా.పట్వర్థన్, ఛందార్ణవ",నమేరాః,namaeraa@h,"నమేరాః, లాజవతీ ఇరా, చిత్ర",
869,భభనయ.,,7,మా.పట్వర్థన్,నయనవిశాల,nayanaviSaala,నయనవిశాల,
870,నజభయ,,8,వాగ్వల్లభ  మా.పట్వర్థన్ సర్వసమవృత్త ప్రభావః సివిరమణ మైసూర్ ఛందార్ణవ,నయమాలినీ,nayamaalinee,"నయమాలినీ, నవమాలికా, నవమాలిని ,అభినవమాలికా",
871,నయసగ,,7,రణపింగళ వాగ్వల్లభ,నరగా,naragaa,నరగా,
872,నభజసనగ,,9,వాగ్వల్లభ మా.పట్వర్థన్,నరశిఖీ వంశతిలక,naraSikhee-vaMSatilaka,నరశిఖీ వంశతిలక,
873,భసజతనగగ,,10,స.ఆ.ఋ.సం. ,నరసింహ,narasiMha,నరసింహ,
874,భరననజజయ,,14,"ఛం.సార మా.పట్వర్థన్ రణపింగళ, ఛందార్ణవ",నరేంద్ర,naraeMdra,"నరేంద్ర, నరింద",
875,నజభజజలగ,,11,200,నర్కుటము,narkuTamu,"నర్కుటము, కోకిలకాకము",
876,ననరమర,,9,పింగళ ప్రకాశ,నల,nala,నల,
877,ససససస,,10,"200 1.వా.వ. 2.శకద్రు 3.వృజాస, కొక్కొండ మా.పట్వర్థన్",నలిని,nalini,"నలిని, భ్రమరావలికా, నళినీ, భ్రమరావలికా, శ్రీ, సంగత ",
878,సజనసస,,9,సునందినీ పరిణయము కో.శ్రీ,నవ నందిని,nava-naMdini,నవ నందిని,
879,సజసనగగ,,9,200 కొక్కొండ,నవనందిని,navanaMdini,నవనందిని ,
880,నసజననజలగ,,10,మా పట్వర్ధన్,నవమధు,navamadhu,నవమధు,
881,భనననసజన,,9,సఆంఋసం వగోకృ,నవవధు,navavadhu,నవవధు,
882,భరనగగ,,7,మా.పట్వర్థన్,నవశాలినీ,navaSaalinee,నవశాలినీ ,
883,మనగ,,No,వాగ్వల్లభ దుఃఖభంజన,నవసరా,navasaraa,నవసరా,
884,నభనసరసలగ,,13,కో.శ్రీ. ఆంధ్రీకృతాగస్త్య బాలభారతము,నవీన,naveena,నవీన,
885,నతనతగగ,,8,ఛంధఃకౌస్తుభ,నాందీముఖీ,naaMdeemukhee,నాందీముఖీ,
886,ననతతగగ,,7,"వాగ్వల్లభ / ఛం.సార/స్వయంభూ1-5, ఛంమం 2-147 ఛంకౌ 2-105 Hcs 2-224 మా.పట్వర్థన్",నాందీముఖీ 2,naaMdeemukhee-2,"నాందీముఖీ 2, వసంత",
887,భరరసనలగ,,10,శ్రీ వేంకటేశాయ సహస్రనామ సహస్రఛందమాల - శ్రీతోపెల్ల బాలసుబ్రహ్మణ్య శర్మ & వేగరాజు శ్రీరామ్,నాగతీర్థ,naagateertha,నాగతీర్థ ,
888,జరభ,,No,సఆంఋసం వగోకృ,నాగమణి,naagamaNi,నాగమణి,
889,భరలగ,,No,200 వృరక జయదామన్ 78 మా పట్వర్ధన్,నాగర నాగరక,naagara-naagaraka,నాగర నాగరక,
890,రతతత,,7,సఆంఋసం వగోకృ,నాగశ్రీ,naagaSree,నాగశ్రీ,
891,జరజ,,No,కేశవ్ ఛంద సఆంఋసం వగోకృ,నాగసురూపిణీ,naagasuroopiNee,"నాగసురూపిణీ, నిశా ",
892,మమమమమమగ,,12,వృమౌచం,నాగానంద,naagaanaMda,నాగానంద,
893,సయగల,,No,వాగ్వల్లభ దుఃఖభంజన,నాగారి,naagaari,నాగారి,
894,జజసలగ,,6,వాగ్వల్లభ దుఃఖభంజన,నాభసమ్,naabhasam^,నాభసమ్,
895,నయనయనయర,,"7,13",సునందినీ పరిణయము కో.శ్రీ,నారద,naarada,నారద,
896,యరసతరస,,11,శ్రీ వేంకటేశాయ సహస్రనామ సహస్రఛందమాల - శ్రీతోపెల్ల బాలసుబ్రహ్మణ్య శర్మ & వేగరాజు శ్రీరామ్,నారద 2,naarada-2,"నారద 2, నారదాదిముని ",
897,రభజజభర,,10,శ్రీ వేంకటేశాయ సహస్రనామ సహస్రఛందమాల - శ్రీతోపెల్ల బాలసుబ్రహ్మణ్య శర్మ & వేగరాజు శ్రీరామ్,నారదాదృష్ట,naaradaadRshTa,నారదాదృష్ట,
898,తరలగ,,No,200 1.చం.కౌ 2. వా.వ. మా.పట్వర్థన్,నారాచ,naaraacha,"నారాచ, నారాచికా,  నారాచకం. నారాచికా",
899,జరజరజరలగ,,10,"చందఃకోశ 15, (కవిదర్పణ జోధ్ పూర్ వారిది 1959) రణపింగళ",నారాచ 2,naaraacha-2,"నారాచ 2, పంచచామరం",
900,జరజరజగ,,10,"200, 1. వా.వ 2. శ.క.ద్రు. మా.పట్వర్థన్",నారాచః,naaraacha@h,"నారాచః, పంచచామరం, ప్రమాణికా పద ద్వయం, కళింద, నందిని ",
901,రతగల,,No,కొక్కొండ మోడేకుర్తి,నారాయణ,naaraayaNa,నారాయణ ,
902,మ,,No,మోడేకుర్తి ,నారీ,naaree,"నారీ, శ్రీకారయుక్త, మృగీ",
903,తయభతలగ,,8,వాగ్వల్లభ దుఃఖభంజన,నాసాభరణం,naasaabharaNaM,నాసాభరణం,
904,యజనరలగ,,10,సీమంతినీ కో.శ్రీ  ,నిదాన,nidaana,నిదాన,
905,సతర,,No,వాగ్వల్లభ దుఃఖభంజన,నిభాలితా,nibhaalitaa,నిభాలితా,
906,తమగ,,No,వాగ్వల్లభ దుఃఖభంజన,నిమ్నాశయా,nimnaaSayaa,నిమ్నాశయా,
907,రమసర,,6,శ్రీ వేంకటేశాయ సహస్రనామ సహస్రఛందమాల - శ్రీతోపెల్ల బాలసుబ్రహ్మణ్య శర్మ & వేగరాజు శ్రీరామ్,నియంత్రే,niyaMtrae,నియంత్రే,
908,జనసగ,,7,వాగ్వల్లభ దుఃఖభంజన,నిరంతికం,niraMtikaM,నిరంతికం ,
909,నసభలగ,,8,వాగ్వల్లభ దుఃఖభంజన,నిరవధిగతిః,niravadhigati@h,నిరవధిగతిః,
910,నర,,No,వాగ్వల్లభ దుఃఖభంజన,నిరసికా,nirasikaa,నిరసికా ,
911,సనలల,,No,వాగ్వల్లభ దుఃఖభంజన,నిరుదం,nirudaM,నిరుదం,
912,ననననననన,,13,వృత్తమౌక్తిక,నిరుపమలతిక,nirupamalatika,నిరుపమలతిక ,
913,ననరనయజగ,,12,వాగ్వల్లభ దుఃఖభంజన,నిర్గళితమేఖలా,nirgaLitamaekhalaa,నిర్గళితమేఖలా,
914,తభయజసరనతగ,,"13,19",మా పట్వర్ధన్,నిర్ఝరధ్వని,nirjharadhvani,నిర్ఝరధ్వని,
915,మరనభలగ,,8,వాగ్వల్లభ దుఃఖభంజన,నిర్ముక్తమాలా,nirmuktamaalaa,నిర్ముక్తమాలా,
916,నతమగ,,7,వాగ్వల్లభ రణపింగళ,నిర్మేధా,nirmaedhaa,నిర్మేధా ,
917,మతతతగగ,,9,వాగ్వల్లభ దుఃఖభంజన,నిర్యత్పారావారః,niryatpaaraavaara@h,నిర్యత్పారావారః,
918,జసమ,,No,వాగ్వల్లభ దుఃఖభంజన,నిర్వింధ్యా,nirviMdhyaa,"నిర్వింధ్యా, నిర్వంధ్యా",
919,భయయ,,No,ఛంప్ర. పే 128,నివాస,nivaasa,నివాస,
920,ననరజ,,8,ఛం.సార,నివాస 2,nivaasa-2,నివాస 2,
921,ననరరరర,,9,"200, ఛం.సార / వా.వ/HCS/ వృరక 3-94 రణపింగళ",నిశ,niSa,"నిశ, మహామాలికా, నారాచ, నారాచం, నిశా, సింహ విక్రీడితం, సాలసా, తారక, శ్రియా ",
922,మమమత,,7,రణపింగళ,నిశానీ,niSaanee,నిశానీ,
923,భజసనర,,9,ఛం.సార కేశవ్ ఛంద మా పట్వర్ధన్,నిశిపాలం,niSipaalaM,"నిశిపాలం, నిశిపాలికా",
924,భతనమత,,6,ఛం.సార/ రణపింగళ భ.నా.శా.,నిశ్చల1,niSchala1,నిశ్చల1,
925,భతమమత,,10,ఛంప్ర. పే 172,నిశ్చల2,niSchala2,నిశ్చల2,
926,భరస,,No,వాగ్వల్లభ ,నిషధం,nishadhaM,"నిషధం, విలోమానులోమ",
927,భమసతయసభగ,,16,వాగ్వల్లభ రణపింగళ,నిష్కలకంఠీ,nishkalakaMThee,నిష్కలకంఠీ,
928,మస,,No,వాగ్వల్లభ మోడేకుర్తి,నిస్కా,niskaa,"నిస్కా, అనఘము ",
929,భననసభసససగ,,"12,21",వాగ్వల్లభ ,నీపవనీయకం,neepavaneeyakaM,నీపవనీయకం,
930,నతనల,,5,వాగ్వల్లభ దుఃఖభంజన,నీరనిధిః,neeranidhi@h,నీరనిధిః ,
931,తనరలగ,,6,వాగ్వల్లభ భ.నా.శా.,నీరా ఉద్యత,neeraa-udyata,నీరా ఉద్యత ,
932,తనతగ,,7,వాగ్వల్లభ దుఃఖభంజన,నీరాంజలిః,neeraaMjali@h,నీరాంజలిః ,
933,తభజయ,,5,వాగ్వల్లభ ,నీరాంతికం,neeraaMtikaM,నీరాంతికం,
934,భభమగగ,,7,కేశవ్ ఛంద,నీల,neela,నీల,
935,భజసస,,7,1. వాగ్వ 2. ఛం.సార,నీలగిరికా,neelagirikaa,"నీలగిరికా, సౌరభ",
936,జభరల,,7,వాగ్వల్లభ దుఃఖభంజన,నీలాధారి,neelaadhaari,నీలాధారి ,
937,తసతసతస,,11,శ్రీ వేంకటేశాయ సహస్రనామ సహస్రఛందమాల - శ్రీతోపెల్ల బాలసుబ్రహ్మణ్య శర్మ & వేగరాజు శ్రీరామ్,నీలోత్పల,neelOtpala,నీలోత్పల,
938,మమల,,No,వాగ్వల్లభ దుఃఖభంజన,నీహారీ,neehaaree,నీహారీ,
939,భతరసర,,7,మా పట్వర్ధన్,నూపుర,noopura,నూపుర,
940,భజసనభజసనభయ,,"13,19,25",రణపింగళ,నృత్తలలిత,nRttalalita,నృత్తలలిత ,
941,జతర,,No,వాగ్వల్లభ దుఃఖభంజన,నృపాత్మజా,nRpaatmajaa,నృపాత్మజా ,
942,మతరసతజభస,,13,రణపింగళ,నేహపాళ,naehapaaLa,నేహపాళ,
943,ననససతయ,,13,"జయకీర్తి 2-223, హేమచంద్ర చంశా 2-316 మా.పట్వర్థన్",పంకజ ముక్తా,paMkaja-muktaa,"పంకజ ముక్తా, పంకజ వక్త్రా, అరవింద ",
944,భజజజల,,7,కేశవ్ ఛంద,పంకజ వాటికా 1,paMkaja-vaaTikaa-1,పంకజ వాటికా 1,
945,భననభగ,,7,కేశవ్ ఛంద,పంకజ వాటికా 2,paMkaja-vaaTikaa-2,పంకజ వాటికా 2,
946,మసజసగ,,9,వాగ్వల్లభ దుఃఖభంజన,పంకజధారిణీ,paMkajadhaariNee,పంకజధారిణీ,
947,నజభజజజరస,,"13,19",మా.పట్వర్థన్,పంకజానన,paMkajaanana,పంకజానన,
948,తజయగ,,6,మా.పట్వర్థన్,పంక్తిరథ.,paMktiratha.,పంక్తిరథ. ,
949,జరజర,,8,"వృరక, వృరక జయదామన్ 3-173,80, 1. వా.వ 2. చం.కౌ మా.పట్వర్థన్",పంచచామర 2,paMchachaamara-2,"పంచచామర 2, విభావరి, మోచచామర, విభావరి, లలామ లలితా ధరా విభావరీ, వసంతచత్వరము",
950,జభజర,,7,వృరక 3-182,పంచచామరం 1,paMchachaamaraM-1,పంచచామరం 1,
951,రజరభనలగ,,9,సఆంఋసం వగోకృ,పంచతను,paMchatanu,పంచతను ,
952,ననననరనలగ,,13,మోడేకుర్తి,పంచబాణము,paMchabaaNamu,పంచబాణము,
953,నసజగగ,,7,వాగ్వల్లభ దుఃఖభంజన,పంచశాఖీ,paMchaSaakhee,పంచశాఖీ,
954,ససగగ,,No,వాగ్వల్లభ దుఃఖభంజన,పంచశిఖా(రమణీయశిఖా),paMchaSikhaa(ramaNeeyaSikhaa),పంచశిఖా(రమణీయశిఖా),
955,త,,No,మోడేకుర్తి ,పంచాలము,paMchaalamu,పంచాలము ,
956,భమలల,,No,వాగ్వల్లభ దుఃఖభంజన,పంజరి,paMjari,పంజరి,
957,యమ,,No,వాగ్వల్లభ దుఃఖభంజన,పంథా,paMthaa,పంథా ,
958,తరతభజభర,,9,శ్రీ వేంకటేశాయ సహస్రనామ సహస్రఛందమాల - శ్రీతోపెల్ల బాలసుబ్రహ్మణ్య శర్మ & వేగరాజు శ్రీరామ్,పజ్జాతవాహినీ,pajjaatavaahinee,పజ్జాతవాహినీ ,
959,సజజగగ,,6,వాగ్వల్లభ దుఃఖభంజన,పటుపట్టికా,paTupaTTikaa,పటుపట్టికా,
960,మనయగ,,7,200 HCS 2.110 రపిం మా.పట్వర్థన్ భనాశా ,పణవ,paNava,"పణవ, హీరాంగీ, కువలయమాలా",
961,మనజగ,,6,వాగ్వల్లభ దుఃఖభంజన,పణావః,paNaava@h,పణావః ,
962,జతతతతత,,12,వాగ్వల్లభ దుఃఖభంజన,పతంగపాదః,pataMgapaada@h,పతంగపాదః,
963,సనరలగ,,8,వాగ్వల్లభ దుఃఖభంజన,పతారితా,pataaritaa,పతారితా,
964,నభనభనభర,,"7,13",సునందినీ పరిణయము కో.శ్రీ మా.పట్వర్థన్,పతితపావన,patitapaavana,"పతితపావన, మదనసాయక ",
965,సభగగ,,No,1. వాగ్వల్లభ 2. మోడేకుర్తి కొక్కొండ మా.పట్వర్థన్,పతిమోహా,patimOhaa,"పతిమోహా, మేఘము, సుభగ, ప్రకృతి, మణిచిత్రా ",
966,మభగగ,,No,వాగ్వల్లభ దుఃఖభంజన మా.పట్వర్థన్,పతిసీరా,patiseeraa,"పతిసీరా, సరళ",
967,భనజయ,,7,వాగ్వల్లభ కేశవ్ ఛంద,పథికాంతా,pathikaaMtaa,"పథికాంతా, మోహన",
968,సజసయలగ,,10,1. వాగ్వల్లభ 2. ఛం.సార మా.పట్వర్థన్ ఛందోనుశాసనం,పథ్యా,pathyaa,"పథ్యా, మంజరీ, వసుధా, పథా, ప్రథిత",
969,సససజ,,7,కేశవ్ ఛంద,పద్దటికా,paddaTikaa,"పద్దటికా, పంజటికా",
970,యతల,,No,వాగ్వల్లభ దుఃఖభంజన,పద్ధరి,paddhari,పద్ధరి,
971,నయజరజగల,,10,స.ఆ.ఋ.సం. ,పద్మ,padma,పద్మ,
972,నసలగ,,No,"ఛంప్ర. పే 125 కొక్కొండ 1. వా.వ. 2. వృ.మౌ.చం.. కేశవ్ ఛంద, భ.నా.శా.",పద్మ 2,padma-2,"పద్మ 2, వసన, కమల, లసదసు, మహి",
973,నభజజజగ,,11,"200 మా.పట్వర్థన్ కవి. కావ్యా. లక్షణ. అనం. ""పద్మక"" -అప్పక. ""మంగళం""- నాగ.",పద్మ 3,padma-3,"పద్మ 3, పద్మకము మంగళ ",
974,నసమతతగగ,,10,హేఛంశా 2.294 స్వ.భూఛం 1.32 మా.పట్వర్థన్,పద్మకం,padmakaM,"పద్మకం, పద్యకం, పద్యం, పద్మ",
975,తతతతతతతగగ,,13,200 మా పట్వర్ధన్,పద్మనాభము,padmanaabhamu,"పద్మనాభము, సర్వగామి",
976,రరగగ,,No,మోడేకుర్తి,పద్మమాల,padmamaala,పద్మమాల,
977,రసనజనభర,,12,జయకీర్తి 2-243,పద్మసద్మ,padmasadma,పద్మసద్మ,
978,మమమగ,,7,"1. ఛం.సార 2 వృ.మౌ.చం. ఛంప్ర. పే 133, వృత్త దర్పణ్ మా.పట్వర్థన్",పద్మావర్తః,padmaavarta@h,"పద్మావర్తః, గోపాలః, మాలీ, మయూరీ",
979,భభభన,,7,మోడేకుర్తి,పద్మిని,padmini,పద్మిని,
980,రమయగ,,6,మా.పట్వర్థన్,పద్మినీ,padminee,పద్మినీ ,
981,జయగ,,No,వాగ్వల్లభ దుఃఖభంజన,పద్యా,padyaa,పద్యా,
982,భసల,,No,వాగ్వల్లభ దుఃఖభంజన,పరజాషి,parajaashi,పరజాషి,
983,జనల,,No,వాగ్వల్లభ మల్లాది సూ.శాస్త్రి,పరది,paradi,"పరది, నవాంఋత లహరి",
984,భనతనజనలల,,15,సఆంఋసం వగోకృ,పరబ్రహ్మ,parabrahma,పరబ్రహ్మ,
985,యసల,,No,వాగ్వల్లభ దుఃఖభంజన,పరభాను,parabhaanu,పరభాను,
986,ననననననననన,,16,సఆంఋసం వగోకృ,పరమాణు,paramaaNu,పరమాణు ,
987,సనజభగగ,,10,200 కొక్కొండ,పరమేశ,paramaeSa,పరమేశ,
988,యతగగ,,No,వాగ్వల్లభ దుఃఖభంజన,పరాంతచారీ,paraaMtachaaree,పరాంతచారీ,
989,యససజనమ,,10,వాగ్వల్లభ దుఃఖభంజన,పరామోదః,paraamOda@h,పరామోదః,
990,సససభసగ,,10,వాగ్వల్లభ దుఃఖభంజన,పరిఖాయతనం,parikhaayatanaM,"పరిఖాయతనం, పరిఖాపతనం",
991,తభభగ,,5,వాగ్వల్లభ దుఃఖభంజన,పరిచారవతీ,parichaaravatee,పరిచారవతీ ,
992,మభసభగగ,,8,వాగ్వల్లభ దుఃఖభంజన,పరిణాహీ,pariNaahee,పరిణాహీ,
993,సనజయ,,5,వాగ్వల్లభ  మా.పట్వర్థన్,పరితోషా,paritOshaa,పరితోషా,
994,ననభతజయసగగ,,"10,16",వాగ్వల్లభ దుఃఖభంజన,పరిధానీయం,paridhaaneeyaM,పరిధానీయం,
995,సరగగ,,No,వాగ్వల్లభ దుఃఖభంజన,పరిధారా,paridhaaraa,పరిధారా,
996,రరనసతల,,13,సఆంఋసం వగోకృ,పరిధి,paridhi,పరిధి,
997,రసజర,,6,వాగ్వల్లభ ,పరిపుంఖితా,paripuMkhitaa,పరిపుంఖితా,
998,సససససస,,9,వాగ్వల్లభ దుఃఖభంజన మా.పట్వర్థన్,పరిపోషక చక్రవర,paripOshaka-chakravara,పరిపోషక చక్రవర ,
999,నతతతగ,,9,వాగ్వల్లభ దుఃఖభంజన మా పట్వర్ధన్ ఛందోనుశాసనం,పరిబృఢం,paribRDhaM,"పరిబృఢం, పరివృఢం, ఊర్వశి, కౌముది ",
1000,నయనజయ,,10,వాగ్వల్లభ దుఃఖభంజన,పరిమళం,parimaLaM,పరిమళం,
1001,ననరయ,,8,1. వా.వ. 2.  వృ.మౌ.చం. మా.పట్వర్థన్ భ.నా.శా.,పరిమితవిజయా,parimitavijayaa,"పరిమితవిజయా, కామదత్తా, భోగినీ ",
1002,నజజజజభజయ,,"8,14",మా.పట్వర్థన్,పరిమితి,parimiti,పరిమితి ,
1003,జజజయ,,9,"1 వా.వ. 2 ఛం.సార, కేశవ్, ఛంప్ర. ",పరిలేఖః,parilaekha@h,"పరిలేఖః, ధారీ, ధారీ, గోపాల",
1004,నతతతగగ,,9,వాగ్వల్లభ దుఃఖభంజన,పరీవాహః,pareevaaha@h,పరీవాహః,
1005,భభభభర,,7,రణపింగళ,పల్లవరి,pallavari,పల్లవరి,
1006,భతననల,,6,మా.పట్వర్థన్,పల్లవలీలా,pallavaleelaa,పల్లవలీలా ,
1007,రయయగగ,,7,వాగ్వల్లభ దుఃఖభంజన,పల్లవీ విలాస,pallavee-vilaasa,పల్లవీ విలాస,
1008,భతనస,,6,1.ఛం.సార 2 వృ.మౌ.చం. 3.వృ.ర.నా టీక మా.పట్వర్థన్,పవన,pavana,"పవన, లలితమ్, లలనా 2, సురలలనా ",
1009,భససజగగ,,8,ఛందస్కలావతీ,పవనః,pavana@h,పవనః ,
1010,సజననసయలల,,12,సఆంఋసం వగోకృ,పవనశ్రీ,pavanaSree,పవనశ్రీ,
1011,రజననననగ,,10,మోడేకుర్తి,పాంచజన్యము,paaMchajanyamu,పాంచజన్యము,
1012,నయగగ,,No,వాగ్వల్లభ దుఃఖభంజన,పాంచాలాంఘ్రిః,paaMchaalaaMghri@h,"పాంచాలాంఘ్రిః, పంచాస్యాంఘ్రిః",
1013,రరతతననర,,10,శ్రీ వేంకటేశాయ సహస్రనామ సహస్రఛందమాల - శ్రీతోపెల్ల బాలసుబ్రహ్మణ్య శర్మ & వేగరాజు శ్రీరామ్,పాండుతీర్ధ,paaMDuteerdha,"పాండుతీర్ధ, పాండుతీర్ధము ",
1014,భజ,,No,వాగ్వల్లభ మా.పట్వర్థన్,పాకులీ,paakulee,"పాకులీ, నందకులచంద్ర",
1015,సననసగ,,7,పింగళ ప్రకాశ,పాటీర,paaTeera,పాటీర,
1016,రజయజభగ,,9,మా పట్వర్ధన్,పాణిబంధ,paaNibaMdha,పాణిబంధ,
1017,నరభజరగ,,10,రణపింగళ,పాణీ,paaNee,పాణీ,
1018,మరజయమర,,10,శ్రీ వేంకటేశాయ సహస్రనామ సహస్రఛందమాల - శ్రీతోపెల్ల బాలసుబ్రహ్మణ్య శర్మ & వేగరాజు శ్రీరామ్,పాథోలీలా,paathOleelaa,పాథోలీలా ,
1019,సరయయభరస,,14,శ్రీ వేంకటేశాయ సహస్రనామ సహస్రఛందమాల - శ్రీతోపెల్ల బాలసుబ్రహ్మణ్య శర్మ & వేగరాజు శ్రీరామ్,పాపాపహారి,paapaapahaari,పాపాపహారి ,
1020,భభల,,No,వాగ్వల్లభ దుఃఖభంజన,పారసరి,paarasari,పారసరి,
1021,తతతతగ,,6,వాగ్వల్లభ దుఃఖభంజన,పారావతః,paaraavata@h,పారావతః,
1022,తననయగగ,,9,వాగ్వల్లభ దుఃఖభంజన,పారావారః,paaraavaara@h,పారావారః,
1023,మమమసభసతలగ,,13,వాగ్వల్లభ దుఃఖభంజన,పారావారాంతస్థం,paaraavaaraaMtasthaM,పారావారాంతస్థం,
1024,జసజసనర,,13,వాగ్వల్లభ దుఃఖభంజన,పార్థివం,paarthivaM,పార్థివం,
1025,భనయమనననయ,,13,వాగ్వల్లభ దుఃఖభంజన,పార్షతసరణం,paarshatasaraNaM,పార్షతసరణం,
1026,నననననగగ,,11,200 HCS 2.296,పాలాశదలము,paalaaSadalamu,"పాలాశదలము, త్వరితగతి, వసుధారా ",
1027,భమభగ,,7,ఛం.సార ఛంప్ర. మా.పట్వర్థన్,పావక,paavaka,పావక,
1028,భనజజస,,9,ఛం.సార,పావన,paavana,పావన,
1029,భజజర,,6,వాగ్వల్లభ ,పికాలికా,pikaalikaa,"పికాలికా, పిధాయినీ",
1030,ససజగల,,7,వాగ్వల్లభ దుఃఖభంజన,పిచులమ్,pichulam^,పిచులమ్,
1031,యరతమయ,,10,మా.పట్వర్థన్,పినాకీ,pinaakee,పినాకీ ,
1032,మమతరజభర,,"9,15",మా.పట్వర్థన్,పిపిలీక,pipileeka,పిపిలీక,
1033,మమతనసజరసలగ,,"9,20",మా.పట్వర్థన్,పిపిలీకాకంభ,pipileekaakaMbha,పిపిలీకాకంభ,
1034,మభసగగ,,7,భ.నా.శా.,పీనశ్రోణి,peenaSrONi,పీనశ్రోణి ,
1035,మభరయ,,7,ఛందోనుశాసనం,పుండరీక,puMDareeka,పుండరీక ,
1036,రసససససలగ,,13,జయకీర్తి 2-237,పుటభేద,puTabhaeda,"పుటభేద, పుటభేదక",
1037,నజ,,No,వాగ్వల్లభ దుఃఖభంజన,పుటమర్ది,puTamardi,పుటమర్ది,
1038,భరనమయలగ,,11,"శ్రీకృష్ణ భాగవతం, శ్రీపాద.కృ.శా.",పున్నాగ,punnaaga,పున్నాగ,
1039,నజగ,,No,వాగ్వల్లభ దుఃఖభంజన,పురటి,puraTi,పురటి,
1040,నతభయలగ,,7,రణపింగళ,పురాళి,puraaLi,పురాళి,
1041,భరనభనన,,8,సఆంఋసం వగోకృ,పురుష,purusha,పురుష,
1042,ససభ,,No,మా పట్వర్ధన్,పురుషోత్తమ,purushOttama,పురుషోత్తమ,
1043,జరగ,,No,వాగ్వల్లభ దుఃఖభంజన,పురోహితా,purOhitaa,పురోహితా,
1044,భసనయననభగగ,,"7,16",వాగ్వల్లభ దుఃఖభంజన,పులకాంచితం,pulakaaMchitaM,పులకాంచితం,
1045,యసజతభగ,,9,సఆంఋసం వగోకృ,పుష్కర,pushkara,పుష్కర ,
1046,మతనసరరగ,,13,"వావ, హేమచంద్ర, 2.327, స్వయంభూ 1-48, వృరక జయదామన్ 3-96 మా.పట్వర్థన్",పుష్పదామ,pushpadaama,"పుష్పదామ, ఫుల్లదామ, పుష్పరామ",
1047,ననరరగ,,9,ఛం.సార / వా.వ,పుష్పమాలా,pushpamaalaa,"పుష్పమాలా, ప్రమోదః",
1048,భసతతగగ,,8,వాగ్వల్లభ / ఛం.శా. ,పుష్పశకటికా,pushpaSakaTikaa,"పుష్పశకటికా, లక్ష్మీవృత్తం",
1049,భమనభనననగగ,,13,భ.నా.శా.,పుష్పసమృద్ధా,pushpasamRddhaa,పుష్పసమృద్ధా ,
1050,రసస,,No,"సునందినీ పరిణయము, కుశలవ కో.శ్రీ మా.పట్వర్థన్",పుష్పహార వనజ,pushpahaara-vanaja,పుష్పహార వనజ ,
1051,తమయయ,,7,ఛందస్కలావతీ,పుష్పా,pushpaa,పుష్పా ,
1052,తజగ,,No,వాగ్వల్లభ దుఃఖభంజన,పూర్ణా,poorNaa,పూర్ణా,
1053,జసజసయలగ,,12,"200, అప్పకవి, భ.నా.శా , కొక్కొండ మా.పట్వర్థన్",పృథ్వి,pRthvi,"పృథ్వి, ధృతి, విలంబితగతి",
1054,జసజనసయ,,13,బృపింగళ Page 263,పృథ్వీతిలక,pRthveetilaka,"పృథ్వీతిలక, యతి, పభీత్రిణి",
1055,ననజలగ,,8,200 మోడేకుర్తి (పృథ్వీ అప్పకవి),పృధ్వి,pRdhvi,"పృధ్వి, పృథివి ",
1056,తరరజగ,,7,వాగ్వల్లభ దుఃఖభంజన,పృషద్వతీ,pRshadvatee,"పృషద్వతీ, విస్తుషా",
1057,నమగ,,No,వాగ్వల్లభ దుఃఖభంజన,పోలా,pOlaa,పోలా ,
1058,నననభనరస,,12,సఆంఋసం వగోకృ,పౌథ,pautha,పౌథ ,
1059,నససజనభలల,,11,సఆంఋసం వగోకృ,ప్రకాశ,prakaaSa,ప్రకాశ,
1060,భభననరయలల,,10,సఆంఋసం వగోకృ,ప్రకృతి,prakRti,ప్రకృతి,
1061,నరభరజగల,,10,సఆంఋసం వగోకృ,ప్రకృతి వృత్తము,prakRti-vRttamu,ప్రకృతి వృత్తము,
1062,జరనల,,6,సఆంఋసం వగోకృ,ప్రగతి,pragati,ప్రగతి ,
1063,సగగ,,No,మోడేకుర్తి ,ప్రగుణ,praguNa,ప్రగుణ ,
1064,నభభభర,,10,మా.పట్వర్థన్,ప్రగుణీకృతా,praguNeekRtaa,ప్రగుణీకృతా ,
1065,జసజసభభభ,,10,సఆంఋసం వగోకృ,ప్రజాళి,prajaaLi,ప్రజాళి,
1066,నయమమభమ,,11,ఛం.సార ఛంప్ర. ,ప్రజ్ఞా,praj~naa,ప్రజ్ఞా,
1067,మభనయగ,,9,"వాగ్వల్లభ , జానాశ్రయ ఛందోవిచితి 4-66, హరవిజయ రాజానక ",ప్రజ్ఞామూలమ్,praj~naamoolam^,"ప్రజ్ఞామూలమ్, భద్రా",
1068,రన,,No,వాగ్వల్లభ అప్పక.,ప్రతరి,pratari,"ప్రతరి, దరధ్వని తాళము",
1069,జరల,,No,వాగ్వల్లభ దుఃఖభంజన,ప్రతర్ది,pratardi,ప్రతర్ది,
1070,రమనసజరగ,,10,ఛందస్కలావతీ,ప్రతిభ,pratibha,ప్రతిభ,
1071,తతరర,,7,సఆంఋసం వగోకృ,ప్రతిభా,pratibhaa,ప్రతిభా,
1072,సభతనగగ,,9,1. వాగ్వల్లభ 2. ఛం.సార ఛంప్ర. ,ప్రతిభాదర్శనం,pratibhaadarSanaM,"ప్రతిభాదర్శనం, ప్రతిభా",
1073,ససససససస,,13,వాగ్వల్లభ దుఃఖభంజన,ప్రతిమా,pratimaa,ప్రతిమా,
1074,ససభరయగ,,10,వాగ్వల్లభ దుఃఖభంజన,ప్రతీపవల్లీ,prateepavallee,ప్రతీపవల్లీ,
1075,రరరరరగల,,10,వాగ్వల్లభ దుఃఖభంజన,ప్రతీహారః,prateehaara@h,ప్రతీహారః,
1076,ననరజరజగ,,12,1. వాగ్వల్లభ 2. శ.క.ద్రు,ప్రపంచ చామరం,prapaMcha-chaamaraM,"ప్రపంచ చామరం, పంచచామరః",
1077,తయతరగగ,,9,వాగ్వల్లభ దుఃఖభంజన,ప్రపన్నపానీయం,prapannapaaneeyaM,ప్రపన్నపానీయం,
1078,యయయయలగ,,7,వాగ్వల్లభ దుఃఖభంజన,ప్రపాతః,prapaata@h,ప్రపాతః,
1079,యయరలగ,,7,వాగ్వల్లభ దుఃఖభంజన,ప్రపాతావతారం,prapaataavataaraM,ప్రపాతావతారం,
1080,జసమగగ,,8,వాగ్వల్లభ దుఃఖభంజన,ప్రఫుల్ల కదళీ,praphulla-kadaLee,ప్రఫుల్ల కదళీ,
1081,నజజభరసలగ,,13,మోడేకుర్తి,ప్రభాకలిత,prabhaakalita,ప్రభాకలిత,
1082,నజజభరజగ,,13,కొక్కొండ,ప్రభాకలిత 1,prabhaakalita-1,ప్రభాకలిత 1,
1083,నననర,,8,"మోడేకుర్తి, ఛందోనుశాసనము పింగళప్రకాశ్",ప్రభాత,prabhaata,"ప్రభాత, ప్రభా, శ్రవణప్రియ",
1084,నజజరగ,,8,200 1. వా.వ. 2. ఛం.సా. 3. శ.క.ద్రు. భిఖారీదాస్,ప్రభాతము,prabhaatamu,"ప్రభాతము, మృగేంద్రముఖ, హరిముఖ",
1085,జవలగ,,No,ఛందః ప్రదీప,ప్రభాతిక,prabhaatika,ప్రభాతిక,
1086,భనజనజనగల,,11,సఆంఋసం వగోకృ,ప్రభావ,prabhaava,ప్రభావ,
1087,తతసజగ,,5,వృరక జయదామన్,ప్రభావతి,prabhaavati,ప్రభావతి,
1088,తభరజగ,,5,వృర జయ 3-70.3 ,ప్రభావతి 2,prabhaavati-2,ప్రభావతి 2,
1089,తభసజగ,,10,1.వా.వ.2.వృ.మౌ.చం. మా.పట్వర్థన్( 7),ప్రభావతీ 1,prabhaavatee-1,"ప్రభావతీ 1, లక్ష్మీ",
1090,నభసనభతల,,11,సఆంఋసం వగోకృ,ప్రభాశ్రీ,prabhaaSree,"ప్రభాశ్రీ, హరిదశ్వ ",
1091,నననజజజజజలగ,,"9,15,21",200,ప్రభు,prabhu,ప్రభు,
1092,సతయసభగ,,8,మందార మరంద చంపూ 18-15/ రణపింగళ,ప్రమదా,pramadaa,ప్రమదా,
1093,తరతర,,7,మా పట్వర్ధన్,ప్రమద్వర,pramadvara,ప్రమద్వర ,
1094,జరలగ,,No,1. .వా.వ  2. శ.క.ద్రు. 3. కవి కావ్యా. అనం. లక్షణ. అప్పక. భ.నా.శా.,ప్రమాణికా,pramaaNikaa,"ప్రమాణికా, నగస్వరూపిణీ, ప్రమాణి ,మతచేష్టిత ",
1095,జతజరభగ,,9,మా పట్వర్ధన్,ప్రమాధిని,pramaadhini,ప్రమాధిని,
1096,సరసస,,9,రణపింగళ,ప్రమితా,pramitaa,ప్రమితా,
1097,సజసగ,,7,మా.పట్వర్థన్ భ.నా.శా.,ప్రమితా 2,pramitaa-2,"ప్రమితా 2, శశిమాలా, విధుమాలా ",
1098,సజసస,,9,200 మా.పట్వర్థన్,ప్రమితాక్షరము,pramitaaksharamu,ప్రమితాక్షరము ,
1099,నభయలల,,7,బభ్రువాహన కో.శ్రీ,ప్రమీల,prameela,ప్రమీల,
1100,ననరర,,8,"200, 1.ఛం.సార 2ఛంవరీ 3.మోడేకుర్తి 4.వా.వవృరక 3-166 మా.పట్వర్థన్",ప్రముదితవదనా,pramuditavadanaa,"ప్రముదితవదనా, ప్రభా, చంచలాక్షీ, మందాకినీ (ప్రభా, చంచలాక్షికా,) ప్రభాత, గౌరీ, ",
1101,మతయతనననగ,,16,మా.పట్వర్థన్,ప్రమోదమహోదయ,pramOdamahOdaya,ప్రమోదమహోదయ,
1102,మయయతనననరసలగ,,"10,16,22",ఛందోనుశాసనం,ప్రమోదమహోదయ 2,pramOdamahOdaya-2,ప్రమోదమహోదయ 2,
1103,యమననతగ,,8,మోడేకుర్తి,ప్రవరవిలసితము,pravaravilasitamu,ప్రవరవిలసితము,
1104,భజర,,No,వాగ్వల్లభ దుఃఖభంజన,ప్రవహ్లికా,pravahlikaa,ప్రవహ్లికా,
1105,సజభగ,,6,వాగ్వల్లభ దుఃఖభంజన,ప్రవాదపదా,pravaadapadaa,ప్రవాదపదా ,
1106,జతతతగ,,10,వాగ్వల్లభ దుఃఖభంజన,ప్రవాహికా,pravaahikaa,ప్రవాహికా,
1107,ననరనభసలల,,11,సఆంఋసం వగోకృ,ప్రవిమల,pravimala,ప్రవిమల,
1108,మససగ,,7,వాగ్వల్లభ దుఃఖభంజన మా.పట్వర్థన్ భ.నా.శా. బృహజ్జాతకం వరాహమిహిర,ప్రసరా,prasaraa,"ప్రసరా, ఉన్నత, విద్యున్మాలా ",
1109,జజభనభసల,,10,సఆంఋసం వగోకృ,ప్రసాద,prasaada,ప్రసాద,
1110,నసయలగ,,7,వాగ్వల్లభ దుఃఖభంజన,ప్రసృమర కరా,prasRmara-karaa,ప్రసృమర కరా,
1111,నసజర,,7,1 వా.వ. 2.ఛం.సార ఛంప్ర. పింగళ ప్రకాశ్,ప్రసృమరామరాలికా,prasRmaraamaraalikaa,"ప్రసృమరామరాలికా, వాసనా",
1112,ననభనలగ,,8,"200, వాగ్వల్లభ, వాగ్వల్లభ HCS 2-228 సునం. పరిణ. కో.శ్రీ మా.పట్వర్థన్",ప్రహరణకలికా,praharaNakalikaa,"ప్రహరణకలికా, ప్రహరణకలిత, సుధ పవనసుత ",
1113,మనజరగ,,8,200 హేమ 2-197 మా.పట్వర్థన్,ప్రహర్షిణి,praharshiNi,"ప్రహర్షిణి, మయూరపిచ్ఛ, ప్రహర్షిణి, ప్రహర్షిణీ, ప్రపార్షణీయ",
1114,యమగ,,No,వాగ్వల్లభ దుఃఖభంజన,ప్రహాణ,prahaaNa,"ప్రహాణ, సుమోహితా",
1115,ననమయ,,8,"200 1. వాగ్వల్లభ 2. ఛం.సా. భనాశా 15-30, వృరక 3-165 మా.పట్వర్థన్ అగ్నిపురాణం",ప్రహేయము,prahaeyamu,"ప్రహేయము, మాలినీ, శ్రీపుట ",
1116,సభసభసభరగ,,"7,13",సునందినీ పరిణయము కో.శ్రీ,ప్రహ్లాద,prahlaada,ప్రహ్లాద,
1117,తతతగగ,,7,"1. వా.వ. 2. మో.ఆం. 3. ఛంసా. ౪. చం సమీక్షా, కేశవ్ ఛంద మా పట్వర్ధన్ ఛందోనుశాసనం, విక్రమార్క చరిత్ర, జక్కన",ప్రాకారబంధః,praakaarabaMdha@h,"ప్రాకారబంధః, మందారదామము,  ప్రాకారబన్ధః, విధ్వంకమాలా, లయగ్రాహి, సువర్ణప్రయాత",
1118,నభజర,,8,"200, వృరక 3-172 మా.పట్వర్థన్",ప్రియంవద మత్తకోకిల ,priyaMvada-mattakOkila-,"ప్రియంవద మత్తకోకిల ,నిరుపమ ",
1119,నయనయసగ,,11,200,ప్రియకాంత,priyakaaMta,ప్రియకాంత ,
1120,భభభభభభభభగగ,,13,1. వా.వ 2. వృ.మౌ.చం.,ప్రియజీవితం,priyajeevitaM,"ప్రియజీవితం, మాగధీ",
1121,భభస,,No,1. వా.వ.  2. మో.ఆం. సునందినీ పరిణయము కో.శ్రీ,ప్రియతిలకా,priyatilakaa,"ప్రియతిలకా,  పౌరుష",
1122,నయమగ,,7,200,ప్రియవచనము,priyavachanamu,ప్రియవచనము,
1123,సభతతలగ,,7,మా పట్వర్ధన్,ప్రియశిష్య,priyaSishya,ప్రియశిష్య,
1124,రగగ,,No,మోడేకుర్తి ,ప్రీతి,preeti,ప్రీతి ,
1125,ససరననసల,,10,రణపింగళ,ప్రేమ,praema,ప్రేమ,
1126,భతతయలగ,,8,మా పట్వర్ధన్,ప్రేయ,praeya,ప్రేయ,
1127,సరల,,No,వాగ్వల్లభ దుఃఖభంజన,ప్రోంఛితా,prOMChitaa,ప్రోంఛితా,
1128,మన,,No,వాగ్వల్లభ దుఃఖభంజన,ప్రోధా,prOdhaa,ప్రోధా,
1129,భభతభర,,9,వాగ్వల్లభ దుఃఖభంజన,ప్లవంగమః,plavaMgama@h,ప్లవంగమః,
1130,ననభగ,,7,వాగ్వల్లభ దుఃఖభంజన,ఫలధరం,phaladharaM,ఫలధరం ,
1131,ననననసగ,,10,200 వాగ్వల్లభ కొక్కొండ,ఫలసదనము,phalasadanamu,"ఫలసదనము, శిశుభరణం",
1132,నయభగ,,7,వాగ్వల్లభ ,ఫలినీ,phalinee,ఫలినీ ,
1133,నయభగ,,7,వాగ్వల్లభ మా.పట్వర్థన్,ఫలినీ అనవసితా.,phalinee-anavasitaa.,ఫలినీ అనవసితా. ,
1134,సభసభసగల,,10,వాగ్వల్లభ దుఃఖభంజన,ఫల్గుః,phalgu@h,ఫల్గుః,
1135,మతనతరరగ,,13,ఛం.సార,ఫుల్లదామ,phulladaama,ఫుల్లదామ,
1136,భనమగ,,6,మా.పట్వర్థన్,బంధక,baMdhaka,బంధక ,
1137,ననననసభభభగ,,16,"200, హేమచంద్ర ఛందోనుశాసనం 2-373 జయకీర్తి 2-257",బంధురము,baMdhuramu,"బంధురము, హంసలయ",
1138,ననననససభభగ,,13,రణపింగళ,బంధూర,baMdhoora,బంధూర,
1139,నసభభగ,,8,మోడేకుర్తి,బంభరగానము,baMbharagaanamu,బంభరగానము,
1140,సభరయ,,7,మా.పట్వర్థన్,బధిరా 2,badhiraa-2,బధిరా 2 ,
1141,సభరజ,,8,వాగ్వల్లభ ,బధిరా1,badhiraa1,బధిరా1,
1142,రసజసరసర,,10,శ్రీ వేంకటేశాయ సహస్రనామ సహస్రఛందమాల - శ్రీతోపెల్ల బాలసుబ్రహ్మణ్య శర్మ & వేగరాజు శ్రీరామ్,బర్హిబర్హ,barhibarha,బర్హిబర్హ,
1143,భనననగ,,7,మోడేకుర్తి,బలఖిన్మణి,balakhinmaNi,బలఖిన్మణి,
1144,సభమగ,,7,వాగ్వల్లభ దుఃఖభంజన,బలధారీ,baladhaaree,బలధారీ ,
1145,నజరయ,,8,వాగ్వల్లభ ,బలోర్జితా,balOrjitaa,"బలోర్జితా, అచలమచర్చికా",
1146,సరతరభరవ,,10,శ్రీ వేంకటేశాయ సహస్రనామ సహస్రఛందమాల - శ్రీతోపెల్ల బాలసుబ్రహ్మణ్య శర్మ & వేగరాజు శ్రీరామ్,బహురామాకృత,bahuraamaakRta,బహురామాకృత ,
1147,సభసభమ,,10,వాగ్వల్లభ ,బహుళాభ్రం,bahuLaabhraM,బహుళాభ్రం,
1148,సజభభస,,8,మోడేకుర్తి,బాలకౌముది,baalakaumudi,బాలకౌముది,
1149,జరజరజగల,,10,పింగళప్రకాశ్ ఛం.ప్ర. (కేశవ్) మా.పట్వర్థన్ సఆంఋసం వగోకృ,బాలచంద్ర,baalachaMdra,"బాలచంద్ర, రూపకాంత, పంచచామరము, ప్రభాకర ",
1150,భసజసయలగ,,9,వాగ్వల్లభ ,బాలవిక్రీడితం,baalavikreeDitaM,బాలవిక్రీడితం,
1151,తతభజనగ,,10,200  JSR,బాలసుబ్రహ్మణ్య,baalasubrahmaNya,బాలసుబ్రహ్మణ్య ,
1152,తనభతయగ,,7,మా.పట్వర్థన్,బాలా,baalaa,బాలా ,
1153,మతనసతతగ,,13,ఛం.సార HCS/ చంద్రబింబం స్వభూఛం/ బింబం- వంచితం వృరనా రణపింగళ,బింబ వంచితం,biMba-vaMchitaM,బింబ వంచితం,
1154,నసయ,,No,1. వా.వ.2. వృ.జా.స. మా.పట్వర్థన్ భ.నా.శా.,బింబం,biMbaM,"బింబం, గుర్వీ, బింబమ్, శలభ, విచలితా, విశాల",
1155,భగ,,No,మోడేకుర్తి ,బింబము,biMbamu,బింబము ,
1156,మరతతగగ,,7,వాగ్వల్లభ దుఃఖభంజన,బింబాలక్ష్యం,biMbaalakshyaM,బింబాలక్ష్యం,
1157,తసరతసర,,10,శ్రీ వేంకటేశాయ సహస్రనామ సహస్రఛందమాల - శ్రీతోపెల్ల బాలసుబ్రహ్మణ్య శర్మ & వేగరాజు శ్రీరామ్,బిల్వామల,bilvaamala,బిల్వామల ,
1158,సజసజతర,,10,హేమచంద్ర 2-320 మా.పట్వర్థన్,బుద్భుద బుద్బుద,budbhuda-budbuda,"బుద్భుద బుద్బుద, బుదబుద ",
1159,సనసతగ,,7,భ.నా.శా.,బుద్భుదక,budbhudaka,బుద్భుదక ,
1160,జసజసయయయలగ,,13,"హేమచంద్ర 2-364, రత్నమంజూష 7-18",బృందారక,bRMdaaraka,బృందారక,
1161,మసజతనర,,10,శ్రీ వేంకటేశాయ సహస్రనామ సహస్రఛందమాల - శ్రీతోపెల్ల బాలసుబ్రహ్మణ్య శర్మ & వేగరాజు శ్రీరామ్,బృందారణ్య,bRMdaaraNya,బృందారణ్య,
1162,మసర,,No,శ్రీ వేంకటేశాయ సహస్రనామ సహస్రఛందమాల - శ్రీతోపెల్ల బాలసుబ్రహ్మణ్య శర్మ & వేగరాజు శ్రీరామ్,బోద్ధ్రే,bOddhrae,బోద్ధ్రే ,
1163,యమయగ,,5,వాగ్వల్లభ దుఃఖభంజన,బోధాతారా,bOdhaataaraa,"బోధాతారా, బోధాతురా, సకృద్, బోధా ",
1164,రరతరభర,,10,శ్రీ వేంకటేశాయ సహస్రనామ సహస్రఛందమాల - శ్రీతోపెల్ల బాలసుబ్రహ్మణ్య శర్మ & వేగరాజు శ్రీరామ్,బ్రహ్మరుద్ర,brahmarudra,"బ్రహ్మరుద్ర, బ్రహ్మరుద్రాది ",
1165,తసజరభస,,10,శ్రీ వేంకటేశాయ సహస్రనామ సహస్రఛందమాల - శ్రీతోపెల్ల బాలసుబ్రహ్మణ్య శర్మ & వేగరాజు శ్రీరామ్,బ్రహ్మాదిగుణ,brahmaadiguNa,"బ్రహ్మాదిగుణ, బ్రహ్మాదిగుణసేవిత ",
1166,మమమమమమమ,,"9,16",వృమౌచం,బ్రహ్మానంద,brahmaanaMda,బ్రహ్మానంద,
1167,తసజసతర,,10,శ్రీ వేంకటేశాయ సహస్రనామ సహస్రఛందమాల - శ్రీతోపెల్ల బాలసుబ్రహ్మణ్య శర్మ & వేగరాజు శ్రీరామ్,బ్రహ్మోత్సవ,brahmOtsava,బ్రహ్మోత్సవ ,
1168,భనభజరజ,,11,సఆంఋసం వగోకృ,బ్రాహ్మ్యశక్తి,braahmyaSakti,బ్రాహ్మ్యశక్తి,
1169,భభభభనయ,,13, హేమచంద్ర చంశా 2-312 స్వయంబూ 1-46,భంగి,bhaMgi,భంగి,
1170,ననతనగ,,8,మా పట్వర్ధన్,భద్ర,bhadra,భద్ర ,
1171,భరనసనరనగ,,11,వాగ్వల్లభ దుఃఖభంజన,భద్రకం భద్రికం,bhadrakaM-bhadrikaM,భద్రకం భద్రికం,
1172,తసతసజర,,10,శ్రీ వేంకటేశాయ సహస్రనామ సహస్రఛందమాల - శ్రీతోపెల్ల బాలసుబ్రహ్మణ్య శర్మ & వేగరాజు శ్రీరామ్,భద్రాసురహర,bhadraasurahara,భద్రాసురహర ,
1173,రనర,,No,1.వాగ్వల్లభ 2. మోడేకుర్తి మా.పట్వర్థన్,భద్రికా,bhadrikaa,"భద్రికా, భద్రకము ",
1174,భయనసజజగ,,12,కుశలవ కో.శ్రీ,భయంకర,bhayaMkara,భయంకర,
1175,భసజతగ,,7,వాగ్వల్లభ ,భసలమదం,bhasalamadaM,"భసలమదం, భసలపదం",
1176,జభనర,,6,వాగ్వల్లభ ,భసలవినోదితా,bhasalavinOditaa,భసలవినోదితా,
1177,మభసమనయతనగగ,,"9,17",వాగ్వల్లభ దుఃఖభంజన,భసలశలాకా,bhasalaSalaakaa,భసలశలాకా,
1178,సభసమనయతనగగ,,"9,17",రణపింగళ,భసలసలాక,bhasalasalaaka,భసలసలాక,
1179,మసభనజరసగ,,15,వాగ్వల్లభ దుఃఖభంజన,భస్త్రానిస్తరణం,bhastraanistaraNaM,భస్త్రానిస్తరణం,
1180,తయరరగ,,7,వాగ్వల్లభ దుఃఖభంజన,భాజనశీలా,bhaajanaSeelaa,భాజనశీలా,
1181,భమససస,,10,ఛం.సార/ రణపింగళ,భామ,bhaama,భామ,
1182,జసగగ,,No,వాగ్వల్లభ దుఃఖభంజన వృరక,భారంగీ,bhaaraMgee,"భారంగీ, కుమారలలిత",
1183,మమయలగ,,7,ఛం.సార ఛంప్ర. ,భారతీ,bhaaratee,భారతీ,
1184,భరభరభరలగ,,13,200,భారవి,bhaaravi,భారవి ,
1185,మభనరసలగ,,10,"ఛందో వల్లరీ,1. వా.వ. 2 ఛం.సార 3. వృ.మౌ.చం (Yati 11)",భారాక్రాంతా,bhaaraakraaMtaa,భారాక్రాంతా ,
1186,నతజననతగగ,,13,వాగ్వల్లభ దుఃఖభంజన,భారావతారః,bhaaraavataara@h,"భారావతారః, హారావతారః",
1187,రనరనరనరనగ,,"10,19",వాగ్వల్లభ దుఃఖభంజన,భావినీ విలసితం,bhaavinee-vilasitaM,భావినీ విలసితం,
1188,యరలల,,No,వాగ్వల్లభ దుఃఖభంజన,భాషా(సంభాషా,bhaashaa(saMbhaashaa,"భాషా(సంభాషా,సంభాసా)",
1189,రజభసజభసయ,,"7,16",వాగ్వల్లభ దుఃఖభంజన,భాసమాన బింబం,bhaasamaana-biMbaM,భాసమాన బింబం,
1190,భసమమ,,9,వాగ్వల్లభ ,భాసితభరణం,bhaasitabharaNaM,భాసితభరణం,
1191,భనజయభననసగ,,13,200,భాస్కర విలసితము,bhaaskara-vilasitamu,భాస్కర విలసితము ,
1192,భభజగ,,6,వాగ్వల్లభ  ,భిన్నపదం,bhinnapadaM,భిన్నపదం ,
1193,భయజజభర,,11,కుశలవ కో.శ్రీ,భీకర,bheekara,భీకర,
1194,తభమజ,,8,ఛం.సార ఛంప్ర. ,భీమ,bheema,భీమ,
1195,మతతమమరరగ,,13,వాగ్వల్లభ దుఃఖభంజన,భీమాభోగః,bheemaabhOga@h,భీమాభోగః,
1196,తరగ,,No,వాగ్వల్లభ దుఃఖభంజన,భీమార్జునం,bheemaarjunaM,భీమార్జునం,
1197,మభననసగ,,11,వాగ్వల్లభ దుఃఖభంజన,భీమావర్తః,bheemaavarta@h,భీమావర్తః,
1198,తయస,,No,"సునందినీ పరిణయము, బభ్రువాహన కో.శ్రీ",భీషణ,bheeshaNa,భీషణ ,
1199,రసరస,,7,వాగ్వల్లభ ,భుజంగ జుషీ,bhujaMga-jushee,భుజంగ జుషీ,
1200,యయయయ,,8,200 మా పట్వర్ధన్ భ.నా.శా.,భుజంగ ప్రయాతము,bhujaMga-prayaatamu,"భుజంగ ప్రయాతము, అప్రమేయా ",
1201,మమతనననరసలగ,,"9,19","200 వాగ్వల్లభ శబ్దకల్పద్రుమ HCS, JD, JK, KD, JNS, VJS,RM,SB,VR Vr 3 106 2 భ.నా.శా.",భుజంగ విజృంభితం,bhujaMga-vijRMbhitaM,భుజంగ విజృంభితం,
1202,యయయయయయయయ,,"8,21","వాగ్వల్లభ మా పట్వర్ధన్(7,13,19) రణపింగళ (13)",భుజంగః,bhujaMga@h,"భుజంగః, మహాభుజంగః, దేవ, మహాభుజంగ, ప్రయాత, సుధాప, మహానాగ",
1203,ననమ,,No,"1. వా.వ 2. శ.క.ద్రు. 3. లక్షణ, నాగ, భ.నా.శా, పింశిభూ, ఛందార్ణవ",భుజంగశిశుభృతా,bhujaMgaSiSubhRtaa,"భుజంగశిశుభృతా, భుజంగశిశువృతా, భుజంగశిశుసృతా, భుజగ శిశురుత, మధుకరీ, ససిభుజా యుక్తా",
1204,ననయ,,No,"కవి, ""కావ్యా. అప్పక",భుజంగశిశురుతము,bhujaMgaSiSurutamu,భుజంగశిశురుతము ,
1205,సజర,,No,వాగ్వల్లభ దుఃఖభంజన మా.పట్వర్థన్,భుజంగసంగత,bhujaMgasaMgata,భుజంగసంగత,
1206,యయయలగ,,7,వాగ్వల్లభ మా పట్వర్ధన్,భుజంగీ సౌదామిని,bhujaMgee-saudaamini,భుజంగీ సౌదామిని,
1207,తభరరసరనగ,,14,వాగ్వల్లభ దుఃఖభంజన,భుజంగోద్ధతం,bhujaMgOddhataM,భుజంగోద్ధతం,
1208,నభనభరసలగ,,13,మోడేకుర్తి,భుజగ,bhujaga,భుజగ,
1209,నరసలగ,,7,వాగ్వల్లభ దుఃఖభంజన,భుజగహారిణీ,bhujagahaariNee,భుజగహారిణీ,
1210,మయనతననరసలగ,,"9,20",వృరక జయదామన్ 2-16/1,భుజగేరిత 1,bhujagaerita-1,భుజగేరిత 1,
1211,మయనతననరయలగ,,"9,20",వృరక జయదామన్ 2-16/2,భుజగేరిత 2,bhujagaerita-2,భుజగేరిత 2,
1212,నసతలగ,,7,వాగ్వల్లభ దుఃఖభంజన,భుజలతా,bhujalataa,భుజలతా,
1213,భమసభస,,10,భ.నా.శా. మా.పట్వర్థన్,భూతలతన్వీ,bhootalatanvee,భూతలతన్వీ ,
1214,మతయనలగ,,7,భ.నా.శా.,భూతలతన్వీ 1,bhootalatanvee-1,భూతలతన్వీ 1 ,
1215,భభరసజజగ,,12,200,భూతిలకము,bhootilakamu,భూతిలకము ,
1216,మమననభయయ,,"7,14",మోడేకుర్తి,భూధర,bhoodhara,భూధర,
1217,రనభభగగ,,10,200 మా.పట్వర్థన్,భూనుతము వలనా,bhoonutamu-valanaa,భూనుతము వలనా,
1218,యయగగ,,No,వాగ్వల్లభ దుఃఖభంజన,భూమధారీ,bhoomadhaaree,"భూమధారీ, అనిర్భర",
1219,మమమస,,7,ఛం.సార మా.పట్వర్థన్ (6),భూమిసుతా,bhoomisutaa,"భూమిసుతా, స్వవిక్రాంతా ",
1220,మనమగగ,,7,వాగ్వల్లభ దుఃఖభంజన రణపింగళ,భూరిఘటకము,bhoorighaTakamu,భూరిఘటకము,
1221,రరగ,,No,వాగ్వల్లభ దుఃఖభంజన,భూరిధామా,bhooridhaamaa,భూరిధామా,
1222,యభల,,No,వాగ్వల్లభ దుఃఖభంజన,భూరియధు,bhooriyadhu,"భూరియధు, భూరివసు",
1223,ససమతలగ,,7,వాగ్వల్లభ దుఃఖభంజన,భూరిశిఖా,bhooriSikhaa,భూరిశిఖా,
1224,మమననతతగగ,,"7,14",వాగ్వల్లభ దుఃఖభంజన,భూరిశోభా,bhooriSObhaa,భూరిశోభా,
1225,ననననననగల,,13,ఛం.సార,భృంగ,bhRMga,భృంగ,
1226,భమమతనసగగ,,12,వాగ్వల్లభ దుఃఖభంజన,భేకాలోకః,bhaekaalOka@h,భేకాలోకః,
1227,రననలగ,,7,"ఛందస్కలావతీ, కోచ. బ.వా ",భైరవః వీర,bhairava@h-veera,భైరవః వీర ,
1228,తసరలగ,,6,శ్రీ వేంకటేశాయ సహస్రనామ సహస్రఛందమాల - శ్రీతోపెల్ల బాలసుబ్రహ్మణ్య శర్మ & వేగరాజు శ్రీరామ్,భైష్మీ,bhaishmee,"భైష్మీ, భీష్మానన ",
1229,భసజగ,,7,"200  1.వాగ్వల్లభ 2 లక్షణ, అప్పక నాగ",భోగవిలసితము,bhOgavilasitamu,"భోగవిలసితము, కుప్యం వీరవిలసితోర్వి ",
1230,తననయసగ,,11,వాగ్వల్లభ దుఃఖభంజన,భోగావళిః,bhOgaavaLi@h,భోగావళిః,
1231,తభరసననజగ,,13,వాగ్వల్లభ దుఃఖభంజన,భోగావళీ,bhOgaavaLee,"భోగావళీ, భోగావళీ - 2",
1232,ననరయయ,,11,ఛందోనుశాసనం,భోగినీ,bhOginee,భోగినీ ,
1233,తరతభభర,,10,శ్రీ వేంకటేశాయ సహస్రనామ సహస్రఛందమాల - శ్రీతోపెల్ల బాలసుబ్రహ్మణ్య శర్మ & వేగరాజు శ్రీరామ్,భోగీంద్ర,bhOgeeMdra,భోగీంద్ర ,
1234,రరర,,No,1.వాగ్వల్లభ 2. మోడేకుర్తి మా.పట్వర్థన్,భౌరకం,bhaurakaM,"భౌరకం, మహలక్ష్మికా, మహాలక్ష్మి, వీరలక్ష్మి",
1235,భరనననస,,7,1.ఛం.సార 2.వృ.మౌ./స్వభూఛం/ కవిదర్ప/హైఛంశా/వృరనా/ఛంమం రణపింగళ (13),భ్రమరపదక,bhramarapadaka,"భ్రమరపదక, భ్రమరపదం ",
1236,మభనలగ,,6,200 మా.పట్వర్థన్,భ్రమరవిలసితము,bhramaravilasitamu,భ్రమరవిలసితము ,
1237,మజ,,No,వాగ్వల్లభ దుఃఖభంజన,మంకురా,maMkuraa,మంకురా ,
1238,తభతజయ,,8,ఛం.సార,మంగళ,maMgaLa,మంగళ,
1239,భసససససససల,,13,రణపింగళ,మంగళ 2,maMgaLa-2,మంగళ 2,
1240,ససజరలగ,,10,ఛం.సార ఛంప్ర. పే 164,మంగళ 3,maMgaLa-3,"మంగళ 3, సుధారస",
1241,సభజజజగ,,7,ఛందోనుశాసనం,మంగళ 4,maMgaLa-4,"మంగళ 4, మంగన ",
1242,భసనజనగ,,11,మోడేకుర్తి,మంగళమణి,maMgaLamaNi,మంగళమణి,
1243,భజసనభజసనగగ,,"9,17",200,మంగళమహాశ్రీ,maMgaLamahaaSree,మంగళమహాశ్రీ,
1244,మమభతయగగ,,10,ఛం.సార ఛంప్ర. రణపింగళ పింగళ ప్రకాశ్,మంజరీ,maMjaree,"మంజరీ, మంజారీ, మంజీర",
1245,మమభమసమ,,10,వాగ్వల్లభ ఛందార్ణవ మా.పట్వర్థన్,మంజీర,maMjeera,మంజీర,
1246,సజసజగ,,9,"200 1. వాగ్వల్లభ  2. ఛందో వల్లరీ, వృరక జయ 81(70-12) మా.పట్వర్థన్ భ.నా.శా.",మంజుభాషిణి,maMjubhaashiNi,"మంజుభాషిణి, ప్రబోధితా, సునందినీ, కనకప్రభ, జయ, సుమంగళి, మానవతి,నందిని, విలంబిత",
1247,రజసజగ,,8,వాగ్వల్లభ ,మంజుమాలతీ,maMjumaalatee,మంజుమాలతీ,
1248,నజజనగ,,8,మోడేకుర్తి,మంజుల,maMjula,మంజుల,
1249,భమనలగ,,6,మా.పట్వర్థన్,మంజుల వచనా,maMjula-vachanaa,మంజుల వచనా ,
1250,రతమయ,,7,మా.పట్వర్థన్,మంజుష,maMjusha,మంజుష ,
1251,రజనగగ,,6,మా.పట్వర్థన్,మండలాకృతి.,maMDalaakRti.,మండలాకృతి. ,
1252,రతతస,,7,శ్రీ వేంకటేశాయ సహస్రనామ సహస్రఛందమాల - శ్రీతోపెల్ల బాలసుబ్రహ్మణ్య శర్మ & వేగరాజు శ్రీరామ్,మంత్రవిన్యాస,maMtravinyaasa,మంత్రవిన్యాస ,
1253,నరననభభభగగ,,13,వాగ్వల్లభ దుఃఖభంజన,మంథరం,maMtharaM,మంథరం,
1254,మయలల,,No,వాగ్వల్లభ దుఃఖభంజన,మంథరి,maMthari,మంథరి,
1255,తత,,No,మో.ఆం. వా.వ వృ.మౌ.చం ,మంథానకం,maMthaanakaM,"మంథానకం, మంథానము, మన్యానము",
1256,భభననగ,,7,200,మందర,maMdara,మందర ,
1257,భ,,No,మోడేకుర్తి ,మందరము,maMdaramu,మందరము ,
1258,తమయరతగ,,9,రణపింగళ మా.పట్వర్థన్,మందాకినీ,maMdaakinee,మందాకినీ,
1259,మభనతతగగ,,11,200 భ.నా.శా. మా.పట్వర్థన్,మందాక్రాంత,maMdaakraaMta,"మందాక్రాంత, శ్రీధరా ",
1260,ననమమజరమ,,11,వాగ్వల్లభ దుఃఖభంజన,మందాక్షమందారం,maMdaakshamaMdaaraM,మందాక్షమందారం,
1261,సతనయయయ,,12,జయకీర్తి 2-221,మందారమాల,maMdaaramaala,మందారమాల,
1262,తతతతతతతగ,,13,ఛం.సార,మందారమాలా,maMdaaramaalaa,మందారమాలా,
1263,మమమమమమగగ,,10,200 PKR వృమౌచం,మందారము,maMdaaramu,"మందారము, యోగానంద",
1264,తసరరసస,,10,శ్రీ వేంకటేశాయ సహస్రనామ సహస్రఛందమాల - శ్రీతోపెల్ల బాలసుబ్రహ్మణ్య శర్మ & వేగరాజు శ్రీరామ్,మందారసుమన,maMdaarasumana,మందారసుమన ,
1265,నయనయననననగగ,,"7,13,19",కేశవ్ ఛంద,మకరంద,makaraMda,మకరంద,
1266,జజజజజజజమ,,"10,19",కేశవ్ ఛంద,మకరంద 1,makaraMda-1,"మకరంద 1, మంజరీ",
1267,యమనసజజగ,,13,హేమచంద్ర 2-324 స్వయంభూ 1-52 వృరక 3-96/8(జయదామన్) మా.పట్వర్థన్ రణపింగళ,మకరందికా,makaraMdikaa,మకరందికా ,
1268,నననగ,,6,వాగ్వల్లభ మా.పట్వర్థన్,మకరముఖీ,makaramukhee,"మకరముఖీ, నిలయా ",
1269,ససససగగ,,7,మోడేకుర్తి,మణికమలవిలసితము,maNikamalavilasitamu,మణికమలవిలసితము,
1270,నజరభమగ,,10,మోడేకుర్తి,మణికల్పలతా,maNikalpalataa,మణికల్పలతా,
1271,ననమనజననననలగ,,"8,16,25",2.269 JK,మణికిరణ,maNikiraNa,మణికిరణ ,
1272,సయజజగ,,7,ఛందోనుశాసనం,మణికుండల,maNikuMDala,మణికుండల ,
1273,ననననననననల,,"10,16",వృత్తమౌక్తిక,మణిగణ 2,maNigaNa-2,మణిగణ 2,
1274,ననననస,,9,200  (HCS 2-245) కేశవ్ ఛంద మా.పట్వర్థన్ ఛందశ్శాస్త్రం ల.శి.మ.,మణిగణనికరము,maNigaNanikaramu,"మణిగణనికరము, మణిగుణనికర, సుప్రియ, స్రక్, చంద్రవర్తా, కిసలయ",
1275,మససతజయగ,,11,కొక్కొండ,మణిదీప్తి,maNideepti,మణిదీప్తి ,
1276,ననననననగ,,10,1. మోడేకుర్తి  2. వృ.మౌ.చం. 3.వా.వ,మణినిచయ,maNinichaya,"మణినిచయ, ధవళం",
1277,రనభభర,,10,200 కొక్కొండ వాగ్వల్లభ మా.పట్వర్థన్,మణిభూషణము,maNibhooshaNamu,"మణిభూషణము, రమణీయక, సుందర, ఉత్సర, మణిభూషణశ్రీ, నూతనం ",
1278,యభనయజజగ,,13,"మోడేకుర్తి , వృరక 3-96/7 మా.పట్వర్థన్ రణపింగళ",మణిమంజరీ,maNimaMjaree,మణిమంజరీ ,
1279,భమస,,No,1.వా.వ. 2.మో.ఆం. 3.ఛం.వ.(కేశవ్) మా.పట్వర్థన్ భ.నా.శా. కావ్యాంగదర్పణ 481 Page,మణిమధ్యం,maNimadhyaM,"మణిమధ్యం, మణిబంధం, విలోమానులోమ, సింహక్రాంత",
1280,సజజభరసల,,13,ఛం.సార రణపింగళ,మణిమాల,maNimaala,మణిమాల,
1281,సజసజసజస,,11,200,మణిమాల 2,maNimaala-2,మణిమాల 2,
1282,తయతయ,,7,"200 HCS 2.190, 189 వాగ్వల్లభ, వృరక 3-174 మా.పట్వర్థన్",మణిమాల 3,maNimaala-3,"మణిమాల 3, పుష్పవిచిత్ర",
1283,నరల,,No,వాగ్వల్లభ దుఃఖభంజన,మణిముఖీ,maNimukhee,మణిముఖీ,
1284,రససగ,,6,200 మా.పట్వర్థన్,మణిరంగము మణిరాగా,maNiraMgamu-maNiraagaa,మణిరంగము మణిరాగా,
1285,సజజభర,,10,1.వా.వ. 2. వృ.మౌ.చం. 3.శకద్రు మా.పట్వర్థన్ ప్రాకృతపైంగలం భ.నా.శా.,మణిహంసా,maNihaMsaa,"మణిహంసా, మనోహంస, మానసహంస, రణహంస ",
1286,నరనర,,7,"మోడేకుర్తి, రణపింగళ మా.పట్వర్థన్",మత,mata,"మత, రాస, సురవధు",
1287,మభసగ,,7,200 1. మోడేకుర్తి 2. శబ్దకల్పద్రుమ 3.వా.వ మా.పట్వర్థన్,మత్త,matta,"మత్త, హంసశ్రేణి,  మత్తా",
1288,ననజభరసలగ,,13,"మోడేకుర్తి, కొక్కొండ",మత్తకీర,mattakeera,మత్తకీర,
1289,రసజజభర,,11,"200 కేశవ్, వృత్త దర్పణ్ ప్రా.పైం మా.పట్వర్థన్, ధేనువకొండ కేశవకవి రచిత కర్మవిపాకము అముద్రితం, రూపగోస్వామి (కావ్యమాల నుండి)",మత్తకోకిల,mattakOkila,"మత్తకోకిల, చర్చరీ, మల్లికా, చంచరీ, విబుధప్రియా, తిలకం, కర్మవిపాకము, ముగ్ధ సౌరభం",
1290,మమతనననస,,14,హేమచంద్ర 2-348 ,మత్తక్రీడ,mattakreeDa,మత్తక్రీడ,
1291,భభభభభభభగగ,,"10,19","1. వా.వ 2.ఛం.సార (యతి 13) 3.వృ.మౌ.చం., వృరక జయదామన్ 3-102 బృహత్పింగళ P436 కేశవ్ వృత్త దర్పణ్ ఛందః ప్రదీప (13) రణపింగళ",మత్తగజేంద్రః,mattagajaeMdra@h,"మత్తగజేంద్రః, మత్తగయంద, మాలతీ:, ఇందవ, మయూరగతి, ఇంద్రవిజయ, విజయ, వికృతి, ఇంద్రగజేంద్రగతి ఇచ్ఛా",
1292,రనససజజగ,,12,సఆంఋసం వగోకృ,మత్తభద్రము,mattabhadramu,మత్తభద్రము ,
1293,రసజజనజగ,,11,సఆంఋసం వగోకృ,మత్తభృంగి,mattabhRMgi,మత్తభృంగి ,
1294,భసభస,,7,మా పట్వర్ధన్,మత్తమధుప,mattamadhupa,మత్తమధుప ,
1295,ననభభగ,,8,లక్షణ శిరోమణి,మత్తమయూర 2,mattamayoora-2,మత్తమయూర 2 ,
1296,మతయసగ,,8,200.శి. ఛ HCS 2-199 1. వాగ్వల్లభ 2. ఛం.సా. ఛంప్ర. మా.పట్వర్థన్ భ.నా.శా.పింగళ పీయూష,మత్తమయూరము,mattamayooramu,"మత్తమయూరము, మాయా మత్తమయూరీ ",
1297,రరరరరరరరర,,"8,16",గంగాదాస్ చందం ,మత్తమాతంగ,mattamaataMga,"మత్తమాతంగ, లీలాకర ",
1298,రరతరతరర,,12,శ్రీ వేంకటేశాయ సహస్రనామ సహస్రఛందమాల - శ్రీతోపెల్ల బాలసుబ్రహ్మణ్య శర్మ & వేగరాజు శ్రీరామ్,మత్తమాతంగ 2,mattamaataMga-2,మత్తమాతంగ 2,
1299,భభభభభభర,,13,మోడేకుర్తి వృరక జయ 3-99/3 మా.పట్వర్థన్ పింగళప్రకాశ్,మత్తవిలాసినీ,mattavilaasinee,"మత్తవిలాసినీ, కవిమయూర",
1300,జతసజగ,,7,200 శబ్దక. చంకౌ /మంజుభాషిణీ హై.ఛం.శా. మంజు హాసినీ  వృత్త రత్నా నారాయణీయం భిఖారీదాస్ మా.పట్వర్థన్,మత్తహంసిని,mattahaMsini,"మత్తహంసిని, మంజుహాసినీ (సంధివర్షిణీ) మంజుభాషిణి, మందభాషిణీ",
1301,మమతననననలగ,,"9,17",200 మా.పట్వర్థన్ భ.నా.శా. పింగళశిరోమణి (9 ఒకటే యతి),మత్తాక్రీడ క్రీడ,mattaakreeDa-kreeDa,మత్తాక్రీడ క్రీడ,
1302,మతయమ,,6,వాగ్వల్లభ ,మత్తాలీ,mattaalee,మత్తాలీ,
1303,మమమమమతయమగ,,"9,16",జయకీర్తి 2-259 ఛందోనుశాసనం,మత్తేభ 2,mattaebha-2,మత్తేభ 2,
1304,సభరనమయలగ,,14,200 వాగ్వల్లభ దుఃఖభంజన,మత్తేభవిక్రీడితము,mattaebhavikreeDitamu,మత్తేభవిక్రీడితము ,
1305,నజనభస,,7,మా పట్వర్ధన్,మదకలని,madakalani,మదకలని,
1306,నజనభసనలగ,,12,మందార మరంద చంపూ 19 పుట-10 పంక్తి రణపింగళ,మదకలని 2,madakalani-2,మదకలని 2,
1307,నభననననస,,12,మోడేకుర్తి,మదగజ,madagaja,మదగజ,
1308,తజగల,,No,కేశవ్ ఛంద,మదన మోహినీ,madana-mOhinee,మదన మోహినీ,
1309,నజజనలల,,8,మా.పట్వర్థన్,మదన రసంగత,madana-rasaMgata,మదన రసంగత ,
1310,ననస,,No,వాగ్వల్లభ ఛం.సమీక్షా Hcs 2.104 మా.పట్వర్థన్ భ.నా.శా.,మదనకం,madanakaM,"మదనకం, రతిపదం, కమలా, లఘుమణినికుర, త్రిజగదఘహర, కమలజా, మణిగణనికర ",
1311,భసజరజగ,,11,200,మదనదర్పణము,madanadarpaNamu,మదనదర్పణము ,
1312,నరనగగ,,7,వాగ్వల్లభ దుఃఖభంజన,మదనమాలా,madanamaalaa,మదనమాలా,
1313,నరనరర,,10,వాగ్వల్లభ దుఃఖభంజన,మదనమాలికా,madanamaalikaa,మదనమాలికా,
1314,ననతలగ,,8,వాగ్వల్లభ దుఃఖభంజన,మదనయా,madanayaa,మదనయా,
1315,మభనమనగ,,11,1.వాగ్వల్లభ 2. ఛం.సార 3. శ.క.ద్రు,మదనలలితా,madanalalitaa,"మదనలలితా, మదనలలిత, మదనలలితా",
1316,మమతనగ,,7,మా.పట్వర్థన్,మదనవతీ,madanavatee,మదనవతీ ,
1317,నభజభజభజగ,,13,జకీ ఛంశా 2-247,మదనసాయక,madanasaayaka,మదనసాయక,
1318,భభర,,No,"1. వా.వ. 2. కవి. కావ్యా. లక్షణ. అప్పక, నాగ, మా.పట్వర్థన్",మదనోద్ధురా,madanOddhuraa,"మదనోద్ధురా, ఉత్సుక",
1319,నజనసగ,,7,"హేమ 2.211, JK 2-155,భనాశా 32.239 మా.పట్వర్థన్ ",మదలలిత,madalalita,మదలలిత,
1320,మసగ,,No,అనం లక్షణ అప్పక,మదలేఖా,madalaekhaa,మదలేఖా ,
1321,సభరజగగ,,8,వాగ్వల్లభ దుఃఖభంజన,మదావదాతా,madaavadaataa,మదావదాతా,
1322,భభభభరనభలగ,,"7,13,19",రణపింగళ,మదిరా,madiraa,మదిరా,
1323,భభభభరనభగగ,,"7,13,19",వృత్తదర్పణ్ మా.పట్వర్థన్,మదిరా వరదా,madiraa-varadaa,మదిరా వరదా ,
1324,రనసనసనస,,"12,18",సునందినీ పరిణయము కో.శ్రీ,మదోన్మత్త,madOnmatta,మదోన్మత్త,
1325,భరనరససనగ,,11,200 భ.నా.శా.,మద్రకము,madrakamu,మద్రకము ,
1326,లల,,No,మోడేకుర్తి ,మధు,madhu,మధు ,
1327,నయనయభభగల,,13,రణపింగళ,మధుకర,madhukara,మధుకర,
1328,ససససలల,,7,"వాగ్వల్లభ దుఃఖభంజన, కేశవ్ ఛంద",మధుపాలి,madhupaali,"మధుపాలి, మనోరమా",
1329,భభసజగగ,,7,మా.పట్వర్థన్,మధుమక్షికా,madhumakshikaa,మధుమక్షికా ,
1330,ననగ,,No,భ.నా.శా. 200,మధుమతి,madhumati,మధుమతి ,
1331,ననగ,,No,పింగళశిరోమణి  ఛం.సారావళీ,మధుమతీ,madhumatee,మధుమతీ ,
1332,సభర,,No,వాగ్వల్లభ దుఃఖభంజన,మధుమల్లీ,madhumallee,మధుమల్లీ,
1333,సజ,,No,వాగ్వల్లభ దుఃఖభంజన,మధుమారకం,madhumaarakaM,మధుమారకం,
1334,నజభజజజభజలగ,,15,హేమచంద్ర 2-380 జయకీర్తి 2-264 ,మధుసుధాకలశ,madhusudhaakalaSa,మధుసుధాకలశ,
1335,మభనయగగ,,7,1. ఛం.సార 2 వృ.మౌ.చం. 3.వాగ్వల్లభ వృరక జయ మా.పట్వర్థన్ పింగళ ప్రకాశ్,మధ్యక్షామా,madhyakshaamaa,"మధ్యక్షామా, వైదర్భి, చూడాపీడం, జలధి, హంసశయని, హంసశ్రేణి",
1336,మభమగ,,7,వాగ్వల్లభ దుఃఖభంజన,మధ్యాధారః,madhyaadhaara@h,మధ్యాధారః ,
1337,భభభభభనయ,,13,పింగళ పీయూష,మనవిశ్రామ,manaviSraama,మనవిశ్రామ,
1338,తజజభర,,10,ఛం.సార,మనహంస,manahaMsa,మనహంస,
1339,నసరరర,,7,ఛం.ప్ర. (కేశవ్),మనహరణ,manaharaNa,మనహరణ,
1340,సససససజర,,"7,13,19",మా.పట్వర్థన్,మనోగతి,manOgati,మనోగతి ,
1341,ససససససలల,,13,రణపింగళ,మనోభవ,manObhava,మనోభవ,
1342,యజనభసజ,,10,సఆంఋసం వగోకృ,మనోమహిత,manOmahita,మనోమహిత ,
1343,యయరరగగ,,8,మా పట్వర్ధన్,మనోమోహిని,manOmOhini,మనోమోహిని,
1344,నరజగ,,7,"200, ఛంప్ర. రపిం మా.పట్వర్థన్,వాగ్వల్లభ ",మనోరమ,manOrama-manOharaa,"మనోరమ, మనోహరా ",
1345,యసగగ,,No,వాగ్వల్లభ దుఃఖభంజన,మనోలా,manOlaa,మనోలా,
1346,ససససజయలగ,,14,భట్టి విక్ర.కథలు పురాణం పిచ్చయ్య శాస్త్ర్రి,మనోల్లాసిని,manOllaasini,మనోల్లాసిని,
1347,మభనమయలగ,,11,1. ఛం.సార 2 వృ.మౌ.చం. స్వ.ఛం./HCS ఛం.మం. మా.పట్వర్థన్ భిఖారీదాస్,మనోహారిణీ,manOhaariNee,"మనోహారిణీ, హారిణీ, ద్రోహారిణీ",
1348,ససభభగగ,,7,వాగ్వల్లభ దుఃఖభంజన,మన్మథ,manmatha,మన్మథ,
1349,ససజసజలగ,,10,సఆంఋసం వగోకృ,మయూఖ,mayookha,మయూఖ  ,
1350,భసజసగ,,7,వాగ్వల్లభ ,మయూఖసరణిః,mayookhasaraNi@h,మయూఖసరణిః,
1351,రజరగ,,7,"200, పింశిభూ, రపిం మా.పట్వర్థన్ భ.నా.శా.",మయూరసారిణీ,mayoorasaariNee,"మయూరసారిణీ, మయూర భాషిణి, మయూరణీ, శిఖిసారిణి",
1352,యరల,,No,వాగ్వల్లభ దుఃఖభంజన,మయూరి,mayoori,మయూరి,
1353,భభభభభభభభగ,,13,సఆంఋసం వగోకృ,మయూరి 2,mayoori-2,"మయూరి 2, శివికా ",
1354,భజజభర,,9,వాగ్వల్లభ దుఃఖభంజన,మయూవదనా,mayoovadanaa,మయూవదనా,
1355,జభతరస,,7,మా పట్వర్ధన్,మరీచికా,mareechikaa,మరీచికా,
1356,జభలల,,No,వాగ్వల్లభ దుఃఖభంజన,మరూ,maroo,మరూ,
1357,తభజతగ,,9,వాగ్వల్లభ దుఃఖభంజన,మర్మస్ఫురం,marmasphuraM,మర్మస్ఫురం,
1358,నజనసనసభనలగ,,"8,15,22",200 సీమంతినీ కో.శ్రీ  ,మలయజము,malayajamu,మలయజము,
1359,మననమ,,8,వాగ్వల్లభ ,మలయసురభిః,malayasurabhi@h,మలయసురభిః ,
1360,యయయయయయయయల,,13,వాగ్వల్లభ దుఃఖభంజన,మల్లపల్లీప్రకాశం,mallapalleeprakaaSaM,మల్లపల్లీప్రకాశం,
1361,సజసజలగ,,10,వృత్తమౌక్తిక,మల్లికా 1,mallikaa-1,మల్లికా 1,
1362,యస,,No,వాగ్వల్లభ దుఃఖభంజన,మశగా,maSagaa,మశగా ,
1363,ననత,,No,వాగ్వల్లభ,మసృణకం,masRNakaM,మసృణకం,
1364,యసగ,,No,వాగ్వల్లభ దుఃఖభంజన,మహనీయా,mahaneeyaa,మహనీయా,
1365,జజయ,,No,ఛంప్ర. పే 128 ఛందార్ణవ,మహర్షి,maharshi,మహర్షి,
1366,జరసజనసల,,11,సఆంఋసం వగోకృ,మహా,mahaa,మహా ,
1367,సతతనసరరగగ,,"9,16",200,మహా ప్రస్థం,mahaa-prasthaM,మహా ప్రస్థం,
1368,జసరసరస,,10,శ్రీ వేంకటేశాయ సహస్రనామ సహస్రఛందమాల - శ్రీతోపెల్ల బాలసుబ్రహ్మణ్య శర్మ & వేగరాజు శ్రీరామ్,మహాజగర,mahaajagara,మహాజగర,
1369,మజగ,,No,వాగ్వల్లభ దుఃఖభంజన,మహాన్ముఖీ,mahaanmukhee,మహాన్ముఖీ,
1370,తతనసస,,7,సఆంఋసం వగోకృ,మహాఫణి,mahaaphaNi,మహాఫణి,
1371,ససససససససలగ,,13,పింగళ ప్రకాశ,మహామంజీర,mahaamaMjeera,మహామంజీర,
1372,నభజభజభజర,,"9,16",జయకీర్తి ఛం శా 2-256,మహామదనసాయకం,mahaamadanasaayakaM,మహామదనసాయకం,
1373,రజనతనజభ,,10,సఆంఋసం వగోకృ,మహావిష్ణుపదశ్రీ,mahaavishNupadaSree,మహావిష్ణుపదశ్రీ,
1374,యసభజయగ,,9,సఆంఋసం వగోకృ,మహాశక్తి,mahaaSakti,మహాశక్తి,
1375,మరభరతన,,8,మోడేకుర్తి,మహాసేన,mahaasaena,మహాసేన,
1376,తజతనసరరగ,,16,రణపింగళ,మహాస్రగ్ధర,mahaasragdhara,మహాస్రగ్ధర,
1377,సజతనసరరగ,,"9,16",వృరక జయదామన్ 3-100/4,మహాస్రగ్ధర 2,mahaasragdhara-2,మహాస్రగ్ధర 2,
1378,సతతనసరరగ,,"9,16",200 మా.పట్వర్థన్ ఛందోనుశాసనం,మహాస్రగ్ధర 3,mahaasragdhara-3,మహాస్రగ్ధర 3,
1379,జజజజజ,,10,రణపింగళ,మహాహవ,mahaahava,మహాహవ,
1380,సభరల,,5,వాగ్వల్లభ దుఃఖభంజన,మహిమావసాయి,mahimaavasaayi,మహిమావసాయి ,
1381,ససలగ,,No,మా.పట్వర్థన్,మహీ,mahee,మహీ ,
1382,భనరసజజగ,,"7,13",మా.పట్వర్థన్,మహోదయ,mahOdaya,మహోదయ ,
1383,యజగ,,No,వాగ్వల్లభ దుఃఖభంజన,మహోద్ధతా,mahOddhataa,మహోద్ధతా,
1384,జభగ,,No,వాగ్వల్లభ దుఃఖభంజన,మహోధికా,mahOdhikaa,మహోధికా,
1385,నతలగ,,No,వాగ్వల్లభ దుఃఖభంజన మా.పట్వర్థన్,మాండవకం,maaMDavakaM,"మాండవకం, ముఖకమల",
1386,సభభగగ,,7,రణపింగళ,మాఘ,maagha,మాఘ,
1387,భతలగ,,No,"1. ఛం.సూ 2. కవి. లక్షణ, అప్పక, నాగ, వాణీభూషణ",మాణవకం,maaNavakaM,"మాణవకం, మాణవక్రీడం, మాణవక ",
1388,భతయసనగ,,9,పిం.సూ 1874 156-4,మాణవకాక్రీడితకం,maaNavakaakreeDitakaM,మాణవకాక్రీడితకం,
1389,తభభరగ,,7,వాగ్వల్లభ దుఃఖభంజన,మాణవికావికాశః,maaNavikaavikaaSa@h,మాణవికావికాశః,
1390,మజజగగ,,7,మా.పట్వర్థన్,మాణిక్య,maaNikya,మాణిక్య ,
1391,రభసరనజ,,10,సఆంఋసం వగోకృ,మాతరి,maatari,మాతరి ,
1392,రసతససలగ,,10,శ్రీ వేంకటేశాయ సహస్రనామ సహస్రఛందమాల - శ్రీతోపెల్ల బాలసుబ్రహ్మణ్య శర్మ & వేగరాజు శ్రీరామ్,మాతృదర్శిత,maatRdarSita,మాతృదర్శిత ,
1393,మననగగ,,6,1. వాగ్వల్లభ 2. ఛం.సా. ఛంప్ర. ,మాత్రా,maatraa,"మాత్రా, మాతా, మహర్షి ",
1394,తయజభభనర,,12,శ్రీ వేంకటేశాయ సహస్రనామ సహస్రఛందమాల - శ్రీతోపెల్ల బాలసుబ్రహ్మణ్య శర్మ & వేగరాజు శ్రీరామ్,మాద్రీసహదేవ,maadreesahadaeva,మాద్రీసహదేవ ,
1395,మరభససజగ,,8,హేమచంద్ర 2-332 రత్నమంజూష 7-7 మా.పట్వర్థన్,మాధవీలతా,maadhaveelataa,మాధవీలతా,
1396,నరసమనమ,,11,ఛం.సార ఛంప్ర.,మాన,maana,మాన,
1397,భతయలగ,,6,మా పట్వర్ధన్,మానవతి,maanavati,మానవతి,
1398,జజజజజజజలగ,,13,"1 వా.వ. 2 ఛం.సార 3. వృ.మౌ. కేశవ్, ఛందః ప్రదీప",మానవతీ,maanavatee,"మానవతీ, మానినీ, సుముఖీ, మానినీ, మల్లికా, మల్లికా, సుధా",
1399,నయభస,,7,ఛం.సార,మానస,maanasa,మానస,
1400,భరయసజగ,,9,మా పట్వర్ధన్,మానసభంజని,maanasabhaMjani,మానసభంజని,
1401,మమమమమగగ,,10,1. వా.వ 2. వృమౌచం,మానాక్రాంతా,maanaakraaMtaa,"మానాక్రాంతా,  లీలాధృష్టమ్",
1402,భభభభభభభగ,,"7,13,19","200 మదిరా వృరక జయ 3-100/1, వృత్త దర్పణ్",మానిని,maanini,"మానిని, మదిరా, ఉమా",
1403,తజజయ,,7,1. వా.వ. 2. ఛంసా.,మాయా,maayaa,"మాయా, గౌరీ",
1404,మభసభసగ,,10,వాగ్వల్లభ దుఃఖభంజన,మాయావలయం,maayaavalayaM,మాయావలయం,
1405,సతగ,,No,వాగ్వల్లభ దుఃఖభంజన,మాయావినీ,maayaavinee,మాయావినీ,
1406,మమరతమ,,10,మా.పట్వర్థన్,మాయావీ,maayaavee,మాయావీ ,
1407,నయమ,,No,వాగ్వల్లభ దుఃఖభంజన,మాయాసారీ,maayaasaaree,మాయాసారీ,
1408,తనమభసయగ,,11,వాగ్వల్లభ దుఃఖభంజన,మారాభిసరణం,maaraabhisaraNaM,మారాభిసరణం,
1409,తసజర,,6,శ్రీ వేంకటేశాయ సహస్రనామ సహస్రఛందమాల - శ్రీతోపెల్ల బాలసుబ్రహ్మణ్య శర్మ & వేగరాజు శ్రీరామ్,మారీచబల,maareechabala,"మారీచబల, మారీచబలమర్ధకాయ ",
1410,నజనభనభభగల,,12,సఆంఋసం వగోకృ,మార్తాండ,maartaaMDa,మార్తాండ ,
1411,జజ,,No,వా.వ.  మో.ఆం. వృ.మౌ.,మాలతికం,maalatikaM,"మాలతికం, మాలతీ, సుమాలతికా",
1412,నజజర,,8,1. వా.వ. 2. మో.ఆం. 3. శ.క.ద్రు. 4 ఛంసమీక్ష 5కేశవ్ ఛంద మా.పట్వర్థన్,మాలతీ,maalatee,"మాలతీ,  పదమాలి,  మాలతీ, మాలతీ, యమునా, వరతనుః",
1413,తజసలగ,,6,వాగ్వల్లభ దుఃఖభంజన,మాలవికా,maalavikaa,మాలవికా,
1414,మతతతననయయయ,,"12,21",చందోనుశాసనం ,మాలా,maalaa,మాలా,
1415,భతతతననయయయ,,"10,16,22",ఛందోనుశాసనం,మాలాచిత్ర,maalaachitra,మాలాచిత్ర ,
1416,ననసరరగ,,10,మా.పట్వర్థన్,మాలాచిత్రా,maalaachitraa,మాలాచిత్రా ,
1417,నసజసయలగ,,10,1 .ఛం.సార 2. వృ.మౌ.చం మా.పట్వర్థన్,మాలాధర,maalaadhara,"మాలాధర, మాలావతీ",
1418,మమమగగ,,7,1. మోడేకుర్తి  2. ఛం.సార 3. వాగ్వల్లభ 4 చం.సమీక్షా ఛందః ప్రదీప మా.పట్వర్థన్,మాలిని,maalini,"మాలిని, మాలీ, మారతీ, భారతీ, మాలతీ శ్యేనిక మాల్యశ్రీ",
1419,ననమయయ,,9,200 వాగ్వల్లభ దుఃఖభంజన భ.నా.శా.,మాలిని 2,maalini-2,"మాలిని 2, మాలినీ, మాలినీ, నాందీముఖీ",
1420,నననయమగ,,11,వాగ్వల్లభ దుఃఖభంజన,మాల్యోపస్థం,maalyOpasthaM,మాల్యోపస్థం,
1421,రజరజరజలగ,,13,మందార మరంద చంపూ 19 పుట-14 పంక్తి ప్రా.పైం. రణపింగళ,మాళవ,maaLava,"మాళవ, గండక",
1422,నససజజ,,8,వాగ్వల్లభ దుఃఖభంజన,మితసక్థి,mitasakthi,మితసక్థి,
1423,ననమమ,,7,వాగ్వల్లభ ,మిథునమాలీ,mithunamaalee,మిథునమాలీ,
1424,రజరభభల,,9,సఆంఋసం వగోకృ,మిహిర,mihira,మిహిర ,
1425,నసయయ,,7,వాగ్వల్లభ ,మిహిరా,mihiraa,మిహిరా,
1426,భరల,,No,వాగ్వల్లభ ,మీనపది,meenapadi,మీనపది,
1427,తభజజగల,,9,"ఛం.సార, చం.ప్ర. రఘునందన్ కేశవ్",ముకుంద,mukuMda,"ముకుంద, మధుతిలక",
1428,నభరనససలగ,,"7,16",మా.పట్వర్థన్,ముకుట,mukuTa,ముకుట ,
1429,రననర,,8,వాగ్వల్లభ ,ముకుళిత,mukuLita,"ముకుళిత, కలికావలీ",
1430,యమననరరగ,,"7,14",హేమచంద్ర 2-329 మా.పట్వర్థన్,ముగ్ధక,mugdhaka,ముగ్ధక,
1431,ససససససససగ,,"10,19","1.వా.వ. 2.ఛం.సార ( యతి 15) 3. వృ.మౌ.చం 4 ఛందః సమీక్షా, కేశవ్, ఛందః ప్రదీప",ముదిరం,mudiraM,"ముదిరం, సుందరీ, మల్లీ,మల్లీ,కమలా, సుఖదా, సుందరీ, మాధవీ, మదనమనోహర, మాధవతీ, సుందరీ",
1432,నభభమససలగ,,12,200 హేచంద్ర 2-337 జయకీర్తి 2-236,ముద్ర,mudra,"ముద్ర, ఉజ్జ్వల, ఖచరప్లుతము",
1433,నమనసనసల,,11,రణపింగళ,ముని,muni,"ముని, మునీశ",
1434,సరతతరసలగ,,12,శ్రీ వేంకటేశాయ సహస్రనామ సహస్రఛందమాల - శ్రీతోపెల్ల బాలసుబ్రహ్మణ్య శర్మ & వేగరాజు శ్రీరామ్,మునిపత్ని,munipatni,మునిపత్ని ,
1435,నజనసనననజలగ,,"10,19",మా.పట్వర్థన్,మునిమత,munimata,మునిమత,
1436,సభరరర,,9,200,మురళి,muraLi,మురళి ,
1437,భననసననలగ,,12,మోడేకుర్తి,మురళీ 2,muraLee-2,మురళీ 2,
1438,నజననయ,,9,రణపింగళ,మురేలా,muraelaa,"మురేలా, మురళి",
1439,సజజసరసల,,13,కేశవ్ ఛంద,మూలా,moolaa,మూలా,
1440,సరతతభభస,,11,శ్రీ వేంకటేశాయ సహస్రనామ సహస్రఛందమాల - శ్రీతోపెల్ల బాలసుబ్రహ్మణ్య శర్మ & వేగరాజు శ్రీరామ్,మృగయ,mRgaya,"మృగయ, మృగయా ",
1441,ర,,No,మోడేకుర్తి ,మృగీ,mRgee,"మృగీ, భారతి, నారీ ",
1442,జ,,No,మోడేకుర్తి ,మృగేన్ద్రము,mRgaendramu,మృగేన్ద్రము,
1443,తమలగ,,No,200,మృత్యుంజయ,mRtyuMjaya,మృత్యుంజయ,
1444,తభజజతరగగ,,9,మా.పట్వర్థన్,మృదంగ,mRdaMga,మృదంగ ,
1445,తభజజర,,10,"వృరక జయదామన్, బృపింగళ(7)",మృదంగకం,mRdaMgakaM,"మృదంగకం, మృదంగ, అహిమణి",
1446,సర,,No,వాగ్వల్లభ దుఃఖభంజన,మృదుకీలా,mRdukeelaa,మృదుకీలా ,
1447,నననయ,,7,పింగళ ప్రకాశ,మృదుగతి,mRdugati,మృదుగతి,
1448,ననననననల,,19,వృత్తమౌక్తిక,మృదులకుసుమ,mRdulakusuma,మృదులకుసుమ ,
1449,రతగ,,No,వాగ్వల్లభ దుఃఖభంజన,మృష్టపాదా,mRshTapaadaa,మృష్టపాదా,
1450,తయమగగ,,7,వాగ్వల్లభ దుఃఖభంజన,మేఘధ్వనిపూరః,maeghadhvanipoora@h,మేఘధ్వనిపూరః,
1451,రజభనభజ,,9,సఆంఋసం వగోకృ,మేఘపుష్ప,maeghapushpa,"మేఘపుష్ప, విషమ",
1452,ననరరరరరర,,"9,16","1. మోడేకుర్తి, నా,శా, జానాశ్రయ ఛందోవిచతి 2. హేమచంశా 2-367 భనాశా",మేఘమాల,maeghamaala,"మేఘమాల, బృంగాబ్జ, నీలాలక",
1453,నభనజరలగ,,11,మోడేకుర్తి,మేఘరంజిత,maegharaMjita,మేఘరంజిత,
1454,మననస,,6,200 మా.పట్వర్థన్ సఆంఋసం వగోకృ,మేఘవిలసితము,maeghavilasitamu,"మేఘవిలసితము, సువసనా, గోపశ్రీ ",
1455,యమనసరరగ,,13,"200 వాగ్వల్లభ వృ.మౌ/ హైఛంశా 2. వృరనా ఛం మం, ర.మం, 3.జయదేవఛందం 4.స్వ భూ భం/ హైచంశా-టీ 5.వృజాస మా.పట్వర్థన్",మేఘవిస్ఫూర్జితము,maeghavisphoorjitamu,"మేఘవిస్ఫూర్జితము, విస్మితా, విస్మిత, ఫించం, రంభా, చంద్రకాంతా",
1456,యమమ,,No,వాగ్వల్లభ దుఃఖభంజన,మేఘాలోకః,maeghaalOka@h,మేఘాలోకః,
1457,నరరర,,8,మా పట్వర్ధన్,మేఘావళి,maeghaavaLi,మేఘావళి,
1458,రసల,,No,వాగ్వల్లభ దుఃఖభంజన,మేథికా,maethikaa,మేథికా,
1459,నజభజరగ,,11,200 వాగ్వల్లభ మా.పట్వర్థన్,మేదిని,maedini,"మేదిని, వాణి, వాణినీ ",
1460,భభభభభభభభ,,13,200 (హేమచంద్ర 2-368)  కేశవ్,మేదురదన్తమ్,maeduradantam^,"మేదురదన్తమ్, కిరీట, సుభద్రకం, అమలకమల",
1461,నరరభజజభర,,"12,18",శ్రీ వేంకటేశాయ సహస్రనామ సహస్రఛందమాల - శ్రీతోపెల్ల బాలసుబ్రహ్మణ్య శర్మ & వేగరాజు శ్రీరామ్,మేదురస్వర్ణ,maedurasvarNa,మేదురస్వర్ణ ,
1462,మయరగగ,,7,మా.పట్వర్థన్,మేధావీ,maedhaavee,మేధావీ ,
1463,రతమలగ,,6,మా.పట్వర్థన్,మేనక,maenaka,మేనక ,
1464,మసగగ,,No,మా.పట్వర్థన్,మేరురూపా,maeruroopaa,మేరురూపా ,
1465,రనసలల,,7,సునందినీ పరిణయము బభ్రువాహన కో.శ్రీ,మేలు,maelu,మేలు,
1466,జజజజ,,8,1. ఛం.సా.. 2.ఛం.కౌ. మా.పట్వర్థన్,మోతియదామ,mOtiyadaama,"మోతియదామ, మౌక్తికదామ",
1467,భభభభభమసగ,,13,ఛం.సార ఛంప్ర.  రణపింగళ,మోద,mOda,మోద,
1468,మభభభభభసల,,13,ఛందః ప్రదీప,మోద 2,mOda-2,మోద 2,
1469,భభభభభమసల,,16,రణపింగళ,మోదక,mOdaka,మోదక ,
1470,భభభభ,,7,1.ఛం.సార 2.శ.క.ద్రు. ౩.ఛం.సమీక్షా మా.పట్వర్థన్,మోదక 2,mOdaka-2,"మోదక 2, మోటక, లతాగహనం",
1471,యరసరసలగ,,10,రణపింగళ,మోహన,mOhana,మోహన,
1472,భభతరగ,,5,200,మోహప్రలాప 1,mOhapralaapa-1,మోహప్రలాప 1,
1473,మభభభగ,,5,"మంమచం 18-1, రణపింగళ మా.పట్వర్థన్",మోహప్రలాప 2,mOhapralaapa-2,మోహప్రలాప 2,
1474,మభభరభగ,,9,మా.పట్వర్థన్,మోహప్రలాప 3,mOhapralaapa-3,మోహప్రలాప 3,
1475,సభతయస,,8,ఛం.సార/ రణపింగళ,మోహిని,mOhini,మోహిని,
1476,భతనగగ,,7,200 1.వాగ్వల్లభ 2. ఛం.కౌ ౩. ఛం.సమీక్షా మా.పట్వర్థన్ భ.నా.శా.,మౌక్తికమాల,mauktikamaala,"మౌక్తికమాల, అనుకూలా, శ్రీ, మౌక్తిక మాలా, అనుకూలా, మౌక్తికమాలా, కుట్మలదంతీ, శ్రీః రుచిరా",
1477,రయగగ,,No,వాగ్వల్లభ దుఃఖభంజన,మౌళిమాలికా,mauLimaalikaa,మౌళిమాలికా,
1478,రరజరసజర,,10,శ్రీ వేంకటేశాయ సహస్రనామ సహస్రఛందమాల - శ్రీతోపెల్ల బాలసుబ్రహ్మణ్య శర్మ & వేగరాజు శ్రీరామ్,మౌళిశోభా,mauLiSObhaa,మౌళిశోభా ,
1479,మసజరగ,,7,మా.పట్వర్థన్,మ్లేచ్ఛ,mlaechCha,మ్లేచ్ఛ ,
1480,రసతర,,9,శ్రీ వేంకటేశాయ సహస్రనామ సహస్రఛందమాల - శ్రీతోపెల్ల బాలసుబ్రహ్మణ్య శర్మ & వేగరాజు శ్రీరామ్,యక్షరాట్,yaksharaaT^,యక్షరాట్,
1481,మరతజస,,9,శ్రీ వేంకటేశాయ సహస్రనామ సహస్రఛందమాల - శ్రీతోపెల్ల బాలసుబ్రహ్మణ్య శర్మ & వేగరాజు శ్రీరామ్,యజ్ఞీ,yaj~nee,"యజ్ఞీ, యజ్ఞీయోర్వీ",
1482,సయయ,,No,ఛందస్కలావతీ,యతనం,yatanaM,యతనం ,
1483,మతజగగ,,7,ఛందస్కలావతీ,యతీంద్రదేవీ,yateeMdradaevee,యతీంద్రదేవీ ,
1484,నలల,,No,మోడేకుర్తి ,యమకము,yamakamu,యమకము ,
1485,సనగ,,No,వాగ్వల్లభ దుఃఖభంజన,యమనకం,yamanakaM,యమనకం,
1486,నతల,,No,వాగ్వల్లభ దుఃఖభంజన,యరజికో,yarajikO,యరజికో,
1487,తనల,,No,వాగ్వల్లభ దుఃఖభంజన,యశకి,yaSaki,యశకి,
1488,జరగగ,,No,వాగ్వల్లభ వృరక జయ 78,యశస్కరీ,yaSaskaree,"యశస్కరీ, సింహలేఖ",
1489,మనననజజయగ,,"6,14,20",కొక్కొండ,యశస్వి,yaSasvi,యశస్వి ,
1490,తసభతత,,10,మా పట్వర్ధన్,యశోగంథ,yaSOgaMtha,యశోగంథ,
1491,సజల,,No,1. వాగ్వల్లభ 2. మోడేకుర్తి,యహురా సువానము,yahuraa-suvaanamu,యహురా సువానము,
1492,సయగగ,,No,వాగ్వల్లభ దుఃఖభంజన,యుగధారి,yugadhaari,యుగధారి,
1493,రయతరగగ,,8,మా పట్వర్ధన్,రంగరాగ,raMgaraaga,రంగరాగ,
1494,భసస,,No,వాగ్వల్లభ దుఃఖభంజన,రంజకం,raMjakaM,రంజకం,
1495,భనజనసననభగగ,,"8,15,22",మందారమరందచంపూ 20-2,రంజన,raMjana,రంజన,
1496,ననజర,,7,ఛందస్కలావతీ,రంజనా,raMjanaa,రంజనా ,
1497,రజనలగ,,6,మోడేకుర్తి,రంజిత,raMjita,రంజిత,
1498,తనమ,,No,వాగ్వల్లభ మా.పట్వర్థన్ భ.నా.శా.. కవిదర్పణ,రంభా,raMbhaa,"రంభా, కనకలతా, మకరలతా",
1499,మరజజరస,,11,శ్రీ వేంకటేశాయ సహస్రనామ సహస్రఛందమాల - శ్రీతోపెల్ల బాలసుబ్రహ్మణ్య శర్మ & వేగరాజు శ్రీరామ్,రక్షస్సందోహము,rakshassaMdOhamu,రక్షస్సందోహము ,
1500,నజభయసజగ,,13,వృరక జయదామన్ లో 3-96/2,రచనా 1,rachanaa-1,రచనా 1,
1501,నజభయభజగ,,10,వృరక జయదామన్ లో 3-96/3,రచనా 2,rachanaa-2,రచనా 2,
1502,రజనస,,8,కుశలవ కో.శ్రీ,రజనీ,rajanee,రజనీ,
1503,జజజయభససస,,13,ఛందస్కలావతీ,రజనీ 2,rajanee-2,రజనీ 2,
1504,మససరరమ,,11,రణపింగళ,రణశూర,raNaSoora,రణశూర,
1505,సభనసగ,,7,మోడేకుర్తి మా.పట్వర్థన్,రతి సురతి,rati-surati,రతి సురతి ,
1506,తయభభగగ,,7,వాగ్వల్లభ దుఃఖభంజన,రతిరేఖా,ratiraekhaa,రతిరేఖా,
1507,జసజసజసగ,,13,హేమచంద్ర 2-326  మా.పట్వర్థన్,రతిలీలా,ratileelaa,రతిలీలా,
1508,సనననసగ,,10,ఛందార్ణవ ఛంప్ర. రణపింగళ ,రతిలేఖ,ratilaekha,రతిలేఖ,
1509,రరజరజజరలగ,,12,శ్రీ వేంకటేశాయ సహస్రనామ సహస్రఛందమాల - శ్రీతోపెల్ల బాలసుబ్రహ్మణ్య శర్మ & వేగరాజు శ్రీరామ్,రత్నసింహాసన,ratnasiMhaasana,రత్నసింహాసన ,
1510,తసతసతతస,,10,శ్రీ వేంకటేశాయ సహస్రనామ సహస్రఛందమాల - శ్రీతోపెల్ల బాలసుబ్రహ్మణ్య శర్మ & వేగరాజు శ్రీరామ్,రత్నాభరణ,ratnaabharaNa,"రత్నాభరణ, రత్నాభరణసంభూత ",
1511,నననరసతల,,12,సఆంఋసం వగోకృ,రథ,ratha,రథ,
1512,ననసగగ,,7,వాగ్వల్లభ దుఃఖభంజన,రథపథం,rathapathaM,"రథపథం, సుకృతి, వృంత, వృత్తా",
1513,రనరలగ,,7,200 వాగ్వల్లభ మా.పట్వర్థన్ భ.నా.శా.,రథోద్ధతా,rathOddhataa,"రథోద్ధతా, అపరాంతికా",
1514,ననజనభ,,10,రణపింగళ,రమణ,ramaNa,రమణ,
1515,భభభభమసలగ,,13,పింగళ ప్రకాశ,రమణక,ramaNaka,రమణక,
1516,భభభమసససగ,,12,ఛందస్కలావతీ,రమణీ 1,ramaNee-1,రమణీ 1,
1517,జససనగ,,7,రణపింగళ,రమణీ 2,ramaNee-2,రమణీ 2,
1518,లగ,,No,మోడేకుర్తి ,రమా,ramaa,రమా ,
1519,యభతగగ,,8,ఛందస్కలావతీ,రమా 2,ramaa-2,రమా 2,
1520,నజనరయ,,7,వృత్తదర్పణ్ మా.పట్వర్థన్,రమా రక్ష,ramaa-raksha,రమా రక్ష ,
1521,నయనజ,,7,"ఛం.సార, ఛంప్ర. ",రమేశ,ramaeSa,రమేశ,
1522,తయసగ,,7,మా పట్వర్ధన్,రమ్యాకృతి,ramyaakRti,రమ్యాకృతి,
1523,మసస,,No,"ఛంప్ర. పే 126 ఛందో రత్నమాల ఛంప్ర. భనాశా, శ్రీ వేంకటేశాయ సహస్రనామ సహస్రఛందమాల - శ్రీతోపెల్ల బాలసుబ్రహ్మణ్య శర్మ & వేగరాజు శ్రీరామ్",రలక,ralaka,"రలక, హరిణి, రత్నకర, కనకం,రోద్ధ్రే ",
1524,భనజననజన,,11,సఆంఋసం వగోకృ,రవి శ్రీ,ravi-Sree,రవి శ్రీ ,
1525,నజర,,No,వాగ్వల్లభ దుఃఖభంజన భ.నా.శా.,రవోన్ముఖీ,ravOnmukhee,"రవోన్ముఖీ, హలోద్గతా, బుద్భుద ",
1526,మరనసగల,,7,సఆంఋసం వగోకృ,రస,rasa,రస ,
1527,నయనయగ,,9,వాగ్వల్లభ దుఃఖభంజన,రసధారా,rasadhaaraa,రసధారా,
1528,సయగ,,No,వాగ్వల్లభ దుఃఖభంజన,రసధారీ,rasadhaaree,రసధారీ,
1529,రసనతభయ,,11,కుశలవ కో.శ్రీ,రసన,rasana,రసన,
1530,నయసననలగ,,8,ఛం.సార,రసనా,rasanaa,రసనా,
1531,సజసల,,7,వాగ్వల్లభ దుఃఖభంజన,రసభూమ,rasabhooma,రసభూమ ,
1532,ననభభభభభభగల,,"7,19",రణపింగళ,రసమంగళ,rasamaMgaLa,రసమంగళ,
1533,రసమయభభగ,,10,,రసమయి,rasamayi,రసమయి,
1534,తనభభభగ,,10,పింగళ ప్రకాశ,రసవత్స,rasavatsa,రసవత్స,
1535,జసతయరల,,8,ఛం.సార,రసాల,rasaala,రసాల,
1536,భనజభజజల,,10,పింగళి పీయూష రణపింగళ,రసాల 2,rasaala-2,రసాల 2,
1537,రనరగ,,7,200,రసాలి,rasaali,రసాలి ,
1538,ననససభతనసగ,,"10,19",వాగ్వల్లభ దుఃఖభంజన,రసికరసాలా,rasikarasaalaa,రసికరసాలా,
1539,తజభతర,,7,మా పట్వర్ధన్,రసోదత,rasOdata,రసోదత,
1540,రజరజగ,,7,ఛం.సార 2. వాగ్వల్లభ కొక్కొండ (యతి 9) మా.పట్వర్థన్,రాగ -1,raaga-1,"రాగ -1, కలాపతిప్రభా, మనోహర, కలాపతి ",
1541,రరసనలగ,,7,సఆంఋసం వగోకృ,రాజఫణి,raajaphaNi,రాజఫణి,
1542,జరసరగ,,7,ఛందస్కలావతీ,రాజబాలా,raajabaalaa,రాజబాలా ,
1543,జసరనగగ,,7,"HCS 2.229 మా.పట్వర్థన్ రత్నమంజూష, రూపగోస్వామి(Y 8)",రాజరమణీయ,raajaramaNeeya,"రాజరమణీయ, ప్రఫుల్ల కుసుమాలి ",
1544,తతగ,,No,వాగ్వల్లభ దుఃఖభంజన,రాజరాజి,raajaraaji,రాజరాజి,
1545,మరతతగ,,8,మా.పట్వర్థన్,రాజలక్ష్మి,raajalakshmi,రాజలక్ష్మి ,
1546,రసతభసర,,10,శ్రీ వేంకటేశాయ సహస్రనామ సహస్రఛందమాల - శ్రీతోపెల్ల బాలసుబ్రహ్మణ్య శర్మ & వేగరాజు శ్రీరామ్,రాజసూయ,raajasooya,రాజసూయ ,
1547,తతతతతతతతగగ,,13,చిత్రనళీయం ధర్మవరం,రాజహంస,raajahaMsa,రాజహంస,
1548,మభనజలగ,,9,ఛందస్కలావతీ,రాజేశ,raajaeSa,రాజేశ ,
1549,భత,,No,వాగ్వల్లభ ,రాఢి,raaDhi,రాఢి ,
1550,నయమమసగ,,9,పింగళ ప్రకాశ,రాణీహాస,raaNeehaasa,రాణీహాస,
1551,రతమయగ,,9,"ఛం.సార, ఛంప్ర. మా.పట్వర్థన్",రాధా,raadhaa,రాధా,
1552,రజనయ,,7,సఆంఋసం వగోకృ,రాధా 2,raadhaa-2,రాధా 2,
1553,ననమస,,7,ఛం.సార ఛంప్ర. ,రాధారమణ,raadhaaramaNa,రాధారమణ,
1554,సభభర,,7,వాగ్వల్లభ ,రాధికా,raadhikaa,రాధికా,
1555,తరమ,,No,మా.పట్వర్థన్,రామా,raamaa,రామా ,
1556,మమమమమమమమ,,13,వృమౌచం,రామానంద,raamaanaMda,రామానంద,
1557,మభసభతనతలగ,,"11,15",వాగ్వల్లభ దుఃఖభంజన,రామాబద్ధం,raamaabaddhaM,రామాబద్ధం,
1558,భభభభభల,,10,రణపింగళ,రాస,raasa,రాస,
1559,మరజజతజర,,11,శ్రీ వేంకటేశాయ సహస్రనామ సహస్రఛందమాల - శ్రీతోపెల్ల బాలసుబ్రహ్మణ్య శర్మ & వేగరాజు శ్రీరామ్,రాసక్రీడా,raasakreeDaa,"రాసక్రీడా, రాసక్రీడ ",
1560,రతమ,,No,భిఖారీదాస్,రుక్మవతి,rukmavati,రుక్మవతి,
1561,భససనజజనగగ,,14,మదాలస కో.శ్రీ ,రుక్మిణి,rukmiNi,రుక్మిణి,
1562,భభభభభ,,8,మంమరంద చంపూ18-11,రుచి,ruchi,రుచి ,
1563,నరనజలల,,8,సఆంఋసం వగోకృ,రుచి 2,ruchi-2,రుచి 2,
1564,జభసజగ,,9,200 1. వా.వ. 2 వృ.జా.స. భనాశా 15-31,రుచిరము,ruchiramu,"రుచిరము, రుచిరా, అతిరుచిరా, సదాగతి, రుచిరా, కళావతి, ప్రభావతి",
1565,నజజయనలగ,,10,భ.నా.శా.,రుచిరముఖీ,ruchiramukhee,రుచిరముఖీ ,
1566,నజజయనల,,10,మా.పట్వర్థన్,రుచిరముఖీ 2,ruchiramukhee-2,రుచిరముఖీ 2,
1567,భననజగ,,6,రాజానక హరవిజయ 31 సర్గ 54 శ్లోకం ,రుచిరవిభ్రమ,ruchiravibhrama,రుచిరవిభ్రమ,
1568,నభయ,,No,భ.నా.శా.,రుచిరా,ruchiraa,రుచిరా ,
1569,జభసయగ,,5,ఛం.సార,రుచిరా 2,ruchiraa-2,రుచిరా 2,
1570,జసజసగ,,7,వాగ్వల్లభ దుఃఖభంజన,రుచివర్ణా,ruchivarNaa,"రుచివర్ణా, సాలా",
1571,నసగగ,,No,వాగ్వల్లభ దుఃఖభంజన మా.పట్వర్థన్,రుద్రాళీ,rudraaLee,"రుద్రాళీ, గుణలయనీ ",
1572,నరజరజ,,7,రణపింగళ,రూపమాల,roopamaala,రూపమాల,
1573,రసజజభగల,,9,రణపింగళ,రూపమాల 2,roopamaala-2,రూపమాల 2,
1574,తరరయజ,,7,రణపింగళ,రూపమాల 3,roopamaala-3,రూపమాల 3,
1575,మమమ,,No,వాగ్వల్లభ దుఃఖభంజన,రూపామాలీ,roopaamaalee,"రూపామాలీ, రూపోన్మత్తా ",
1576,నససనగగ,,7,మా పట్వర్ధన్,రేవా,raevaa,రేవా ,
1577,మసతనగగ,,8,ఛం.సార ఛంప్ర. పింగళ ప్రకాశ(9),రేవా లక్ష్మి,raevaa-lakshmi,రేవా లక్ష్మి,
1578,భభరగగ.,,7,మా.పట్వర్థన్,రోచక,rOchaka,రోచక,
1579,ససనజరభ,,11,సఆంఋసం వగోకృ,రోచి,rOchi,రోచి,
1580,నభభగగ,,7,వాగ్వల్లభ దుఃఖభంజన,రోధకం,rOdhakaM,"రోధకం, లంకా",
1581,మమర,,No,శ్రీ వేంకటేశాయ సహస్రనామ సహస్రఛందమాల - శ్రీతోపెల్ల బాలసుబ్రహ్మణ్య శర్మ & వేగరాజు శ్రీరామ్,రోష్ట్రే,rOshTrae,రోష్ట్రే ,
1582,నసమమయలగ,,10,హేఛంశా 2.295 స్వ.భూఛం 1.33 మా.పట్వర్థన్,రోహిణి,rOhiNi,రోహిణి,
1583,నసమమయల,,7,,రోహిణీ,rOhiNee,రోహిణీ,
1584,రరయరజర,,9,శ్రీ వేంకటేశాయ సహస్రనామ సహస్రఛందమాల - శ్రీతోపెల్ల బాలసుబ్రహ్మణ్య శర్మ & వేగరాజు శ్రీరామ్,లంబయజ్ఞోపవీత,laMbayaj~nOpaveeta,లంబయజ్ఞోపవీత,
1585,భతమగగ,,8,వాగ్వల్లభ దుఃఖభంజన,లక్షణలీల,lakshaNaleela,లక్షణలీల,
1586,రరజరజరలగ,,10,శ్రీ వేంకటేశాయ సహస్రనామ సహస్రఛందమాల - శ్రీతోపెల్ల బాలసుబ్రహ్మణ్య శర్మ & వేగరాజు శ్రీరామ్,లక్ష్మణోదార,lakshmaNOdaara,"లక్ష్మణోదార, లక్ష్మణోదారము ",
1587,రతతయమ,,8,భ.నా.శా.,లక్ష్మి 4,lakshmi-4,లక్ష్మి 4,
1588,రరగల,,No,వాగ్వల్లభ దుఃఖభంజన,లక్ష్మీ 1,lakshmee-1,లక్ష్మీ 1,
1589,నయనభనననగ,,11,200 కొక్కొండ (13),లక్ష్మీ 2,lakshmee-2,లక్ష్మీ 2,
1590,మనతనగగ,,7,మోడేకుర్తి,లక్ష్మీ 3,lakshmee-3,లక్ష్మీ 3,
1591,మసతభగగ,,7,రణపింగళ(వృరక) మా.పట్వర్థన్,లక్ష్మీ 5,lakshmee-5,"లక్ష్మీ 5, గృహలక్ష్మీ ",
1592,ననననగ,,7,మా పట్వర్ధన్ భ.నా.శా.,లఘుగతి,laghugati,"లఘుగతి, త్వరితగతి ",
1593,నయననగ,,7,మోడేకుర్తి,లత,lata,"లత, మదనజవనికా",
1594,రయలగ,,No,మోడేకుర్తి మా.పట్వర్థన్,లతా 2,lataa-2,"లతా 2, భ్రూలతా, సంస్తుతి",
1595,ననరభరర,,11,ఛం.సార రణపింగళ,లతా 3,lataa-3,"లతా 3, గజేంద్రలతా",
1596,నసజజగ,,7,"హేమ 2.208, మా.పట్వర్థన్",లయ,laya,లయ,
1597,నననననననననననసగ,Yes,"11,22,33",కావ్యాలంకార చూడామణి ,లయహారి,layahaari,లయహారి ,
1598,భతసన,,6,మోడేకుర్తి,లలన,lalana,లలన,
1599,రననననగ,,10,హై.ఛం.శా.2.283 రత్న మంజూష 6-29(Rm) జానాశ్రయ 4.82 మా.పట్వర్థన్,లలనా,lalanaa,"లలనా, నృపలలనా",
1600,భమసస,,7,వాగ్వల్లభ వృరక జయ 80 మా.పట్వర్థన్,లలనా 2,lalanaa-2,"లలనా 2, లలితా",
1601,ననమతభర,,12,హేచంచంశా 2.308 స్వయంభూ 1-41,లలిత,lalita,లలిత,
1602,తభజర,,9,1.ఋగ్వేదము. 2. లక్షణ 3 వృరక 4 మా.పట్వర్థన్ 5 భ.నా.శా.,లలిత 2,lalita-2,"లలిత 2, లలితా",
1603,నసయయగగ,,7,వాగ్వల్లభ దుఃఖభంజన,లలిత పతాకా 1,lalita-pataakaa-1,లలిత పతాకా 1,
1604,నయససగగ,,7,రణపింగళ,లలిత పతాకా 2,lalita-pataakaa-2,లలిత పతాకా 2,
1605,భసనజనగల,,11,రూపగోస్వామి (కావ్యమాల నుండి),లలిత భృంగ,lalita-bhRMga,లలిత భృంగ,
1606,ననమర,,8,1. వా.వ. 2.ఛం.సార మా.పట్వర్థన్,లలితం,lalitaM,"లలితం, గౌరీ, లలిత ",
1607,నరనరలగ,,7,1. ఛం.సార 2. శ.క.ద్రు. హై.ఛం.శా./వృత్త.ర.నా.ఛంప్ర. మా.పట్వర్థన్,లలితకేసర,lalitakaesara,"లలితకేసర,  సుకేసరం, ఇందిరా",
1608,నననజస,,11,మోడేకుర్తి,లలితగతి,lalitagati,లలితగతి,
1609,నననల,,6,1.వా.వ  2. వృ.మౌ.చం  ,లలితగతి 2,lalitagati-2,"లలితగతి 2, కృతకవలి",
1610,ననభనననలగ,,12,మోడేకుర్తి,లలితము,lalitamu,లలితము,
1611,ననననననననసననయ,,"11,21,30",లక్షణ శిరోమణి ,లలితము 2,lalitamu-2,లలితము 2,
1612,ననభనజననయ,,"8,15",హేమఛంశా 2-366 జయకీర్తి ఛం శా 2-254 మా.పట్వర్థన్,లలితలతా,lalitalataa,"లలితలతా, నవలలితలతా",
1613,నజతతతతస,,11,వాగ్వల్లభ దుఃఖభంజన,లలితలలామ,lalitalalaama,లలితలలామ,
1614,భరనరనరర,,11,హేమచంద్ర 2-347 రత్నమంజూష 7-13 మా.పట్వర్థన్,లలితవిక్రమ,lalitavikrama,లలితవిక్రమ,
1615,ససయగగ,,7,వాగ్వల్లభ దుఃఖభంజన,లలితాగమనము,lalitaagamanamu,లలితాగమనము,
1616,సజయగగ,,9,వాగ్వల్లభ దుఃఖభంజన,లలితాలబాలము,lalitaalabaalamu,లలితాలబాలము,
1617,జజజజజజజజల,,12,"ఛం.సార, కేశవ్ రణపింగళ",లవంగలతా,lavaMgalataa,"లవంగలతా, విజయ, కళాకుశల",
1618,ననననననననననగ,,"9,16,25",2.272 jk ,లహరికా,laharikaa,లహరికా,
1619,ససససమతయ,,13,200,లాటీవిటము,laaTeeviTamu,లాటీవిటము ,
1620,తనరరరర,,10,"ఛం.సార, ఛంప్ర. రణపింగళ",లాలసా,laalasaa,లాలసా ,
1621,మసరసతజనగ,,"10,15",1. ఛం.సార 2.వృ ర నా 3-100/2 మా.పట్వర్థన్,లాలిత్య-1,laalitya-1,"లాలిత్య-1, లాలిత్యం ",
1622,మసజయభభనగ,,"10,15",2.వృ ర నా 3-100/3,లాలిత్య-2,laalitya-2,"లాలిత్య-2, లాలిత్యం ",
1623,రరరరర,,10,వాగ్వల్లభ దుఃఖభంజన,లాస్యకారీ,laasyakaaree,లాస్యకారీ,
1624,మతసయ,,7,వాగ్వల్లభ ,లీఢార్కః,leeDhaarka@h,లీఢార్కః,
1625,నయజ,,No,వాగ్వల్లభ ఛందార్ణవ ,లీలా,leelaa,లీలా,
1626,తభయజగల,,6,రణపింగళ,లీలా 2,leelaa-2,లీలా 2,
1627,మమమమమమ,,10,వృమౌచం,లీలా చంద్రః,leelaa-chaMdra@h,లీలా చంద్రః,
1628,మమతయస,,10,వాగ్వల్లభ దుఃఖభంజన,లీలాచంద్రం,leelaachaMdraM,లీలాచంద్రం,
1629,మమసమ,,6,వాగ్వల్లభ ,లీలారత్నం,leelaaratnaM,లీలారత్నం,
1630,మమమమమ,,7,1. వా.వ 2. మో.ఆం 3. ఛం.సార ( యతి 9) 4. శకద్రు ( యతి 8) మా.పట్వర్థన్ ఛందోనుశాసనం,లీలారేఖః,leelaaraekha@h,"లీలారేఖః, సారంగీ, కామక్రీడా, లీలాఖేల,  సారంగీ,  లీలాఖేలః, జ్యోతిమిత్ర",
1631,మభసమగ,,10,వాగ్వల్లభ దుఃఖభంజన,లీలాలోలః,leelaalOla@h,లీలాలోలః,
1632,ససనమ,,7,వాగ్వల్లభ ,లుంబాక్షీ,luMbaakshee,"లుంబాక్షీ,  లుబ్ధాక్షీ",
1633,సససల,,7,వాగ్వల్లభ దుఃఖభంజన,లులితం,lulitaM,లులితం ,
1634,మససగగ,,7,1. వాగ్వల్లభ 2. వాగ్వల్లభ (5 యతి),లోధ్రశిఖా,lOdhraSikhaa,"లోధ్రశిఖా, విలంబిత, మధ్యా",
1635,మసససగ,,7,1. వాగ్వల్లభ 2. వాగ్వల్లభ (5 యతి),లోధ్రశిఖా 2,lOdhraSikhaa-2,"లోధ్రశిఖా 2, విలంబిత, మధ్యా",
1636,రరరరరరగ,,10,వాగ్వల్లభ దుఃఖభంజన,లోల,lOla,"లోల, లోలంబలీలం",
1637,సభల,,No,వాగ్వల్లభ దుఃఖభంజన,లోలతను,lOlatanu,లోలతను,
1638,నసమభగగ,,7,ఛందార్ణవ భిఖారీదాస్,లోలా,lOlaa,లోలా,
1639,మసభ,,No,వాగ్వల్లభ దుఃఖభంజన,వందారు,vaMdaaru,వందారు,
1640,భరనభనలగ,,11,200 భ.నా.శా. మా.పట్వర్థన్,వంశపత్ర,vaMSapatra,"వంశపత్ర, పతితము వంశదళ",
1641,సభసజగగ,,10,వాగ్వల్లభ దుఃఖభంజన మా.పట్వర్థన్,వంశమూలం,vaMSamoolaM,"వంశమూలం, ఘనమాలా ",
1642,భతజజజలగ,,11,వాగ్వల్లభ ,వంశలః,vaMSala@h,వంశలః,
1643,రజరమజరమ,,16,వాగ్వల్లభ ,వంశలోన్నతా,vaMSalOnnataa,వంశలోన్నతా,
1644,జతజర,,8,"200, కేశవ్ ఛంద మా.పట్వర్థన్ భ.నా.శా.",వంశస్థము,vaMSasthamu,"వంశస్థము, వంశస్వనిత, వంశమంజరి, అభ్రవంశా ",
1645,యభమగ,,7,వాగ్వల్లభ దుఃఖభంజన,వంశారోపీ,vaMSaarOpee,వంశారోపీ ,
1646,తయసమగగ,,10,వాగ్వల్లభ దుఃఖభంజన,వంశోత్తంసా,vaMSOttaMsaa,వంశోత్తంసా,
1647,మసల,,No,వాగ్వల్లభ దుఃఖభంజన,వకాలి,vakaali,వకాలి,
1648,నమరరగ,,9,వాగ్వల్లభ దుఃఖభంజన,వక్రావలోకః,vakraavalOka@h,వక్రావలోకః,
1649,సభసస,,7,ఎర్రయ్య గారు ,వజ్ర,vajra,వజ్ర ,
1650,తమ,,No,వాగ్వల్లభ దుఃఖభంజన,వజ్రా,vajraa,వజ్రా ,
1651,సయమమమ,,11,వాగ్వల్లభ ,వజ్రాళీ,vajraaLee,వజ్రాళీ,
1652,తయమమమ,,11,వాగ్వల్లభ దుఃఖభంజన,వజ్రాళీ 2,vajraaLee-2,వజ్రాళీ 2,
1653,నభజగ,,5,వాగ్వల్లభ దుఃఖభంజన,వడిశభేదినీ,vaDiSabhaedinee,వడిశభేదినీ ,
1654,జసగ,,No,మా పట్వర్ధన్,వదనపద్మ,vadanapadma,వదనపద్మ,
1655,నజజజభర,,10,మా.పట్వర్థన్,వనమంజరి,vanamaMjari,వనమంజరి,
1656,నజజజజభర,,14,200 మా.పట్వర్థన్,వనమంజరి 2,vanamaMjari-2,వనమంజరి 2,
1657,భజసనగగ,,9,"200 వాగ్వల్లభ, వృ.ర.నా.టీక. మా పట్వర్ధన్ ఛందార్ణవ",వనమయూరము,vanamayooramu,"వనమయూరము, ఇంద్ర వదనా, ఇందు వదనా, వరసుందరీ, కుట్మలమయూరి",
1658,సరజలగ,,7,మా పట్వర్ధన్,వనమాల,vanamaala,వనమాల,
1659,నభరలగ,,7,"లక్షణ.శి, బృహత్ పింగళ P 264 మా.పట్వర్థన్",వనమాలి,vanamaali,"వనమాలి, గజ అభీష్ట సీధు ",
1660,తభతభ,,7,ఛం.సార,వనమాలి 2,vanamaali-2,వనమాలి 2,
1661,మనభభననననగ,,"11,19",మోడేకుర్తి,వనరుహము,vanaruhamu,వనరుహము,
1662,ననననననయ,,13,మా.పట్వర్థన్,వనలతా,vanalataa,వనలతా ,
1663,ననననననననగగ,,"9,17",జయకీర్తి 2-262 ఛందోనుశాసనం,వనలతిక,vanalatika,"వనలతిక, మణిగుణనికర, మాలా, రుచిర, శశికళ ",
1664,సజజభరనసల,,13,వాగ్వల్లభ దుఃఖభంజన,వనవాసినీ,vanavaasinee,వనవాసినీ,
1665,భభసస,,7,వాగ్వల్లభ ,వనితాభరణం,vanitaabharaNaM,వనితాభరణం,
1666,నభరల,,5,వాగ్వల్లభ దుఃఖభంజన,వనితావినోది,vanitaavinOdi,వనితావినోది ,
1667,తతసయ,,7,వాగ్వల్లభ ,వనితావిలోకః,vanitaavilOka@h,వనితావిలోకః,
1668,రరతతగగ,,7,వాగ్వల్లభ దుఃఖభంజన,వభ్రులక్ష్మీ,vabhrulakshmee,వభ్రులక్ష్మీ,
1669,యరగ,,No,వాగ్వల్లభ దుఃఖభంజన,వయస్యః,vayasya@h,వయస్యః,
1670,మతయననననగ,,10,"హేమ చంశా 2-356, భరతనాశా 32-300",వరతను,varatanu,"వరతను, క్రౌంచ",
1671,భజజయ,,6,వాగ్వల్లభ ,వరత్రా,varatraa,వరత్రా,
1672,భరయననగ,,10,"ఛం.సార /పి.ఛం.సూ./HCS,VRN. మా.పట్వర్థన్",వరయువతీ,varayuvatee,"వరయువతీ, వరయువతిః- ",
1673,తభభభయ,,8,200 TBS,వరలక్ష్మి,varalakshmi,వరలక్ష్మి,
1674,రనల,,No,వాగ్వల్లభ దుఃఖభంజన,వరశశి,varaSaSi,వరశశి,
1675,భయరరజజర,,12,శ్రీ వేంకటేశాయ సహస్రనామ సహస్రఛందమాల - శ్రీతోపెల్ల బాలసుబ్రహ్మణ్య శర్మ & వేగరాజు శ్రీరామ్,వరాహాద్యష్ఠ,varaahaadyashTha,వరాహాద్యష్ఠ ,
1676,ననతననననల,,11,సఆంఋసం వగోకృ,వరుణ,varuNa,వరుణ,
1677,జనభసనజగ,,13,మోడేకుర్తి మా పట్వర్ధన్ రణపింగళ,వరూథినీ,varoothinee,వరూథినీ,
1678,మభగ,,No,వాగ్వల్లభ దుఃఖభంజన,వర్కరితా,varkaritaa,వర్కరితా,
1679,ససభగగ,,7,వాగ్వల్లభ దుఃఖభంజన మా.పట్వర్థన్,వర్ణబలాకా,varNabalaakaa,వర్ణబలాకా,
1680,తమల,,No,వాగ్వల్లభ ఛం.సారావళీ,వర్ధిణ్ణు,vardhiNNu,"వర్ధిణ్ణు, శూరం, శూర",
1681,రజజగ,,6,వాగ్వల్లభ ,వర్మితా,varmitaa,వర్మితా ,
1682,మతజ,,No,ఛంప్ర. పే 126,వర్ష,varsha,వర్ష,
1683,తభతగ,,5,వాగ్వల్లభ దుఃఖభంజన,వర్హాతారా,varhaataaraa,వర్హాతారా ,
1684,సభసగ,,7,రణపింగళ,వలధారీ,valadhaaree,వలధారీ,
1685,భభరయ,,7,వాగ్వల్లభ  మా.పట్వర్థన్,వలభీ,valabhee,"వలభీ, హంసమత్తా ",
1686,నలగ,,No,మోడేకుర్తి ,వలమురి,valamuri,"వలమురి, మలహరి, కలహంసము ",
1687,తతత,,No,వాగ్వల్లభ మా పట్వర్ధన్,వలా సంనీత,valaa-saMneeta,వలా సంనీత,
1688,నయమభసగ,,11,వాగ్వల్లభ దుఃఖభంజన,వలివదనం,valivadanaM,వలివదనం,
1689,సరగల,,No,వాగ్వల్లభ దుఃఖభంజన మా పట్వర్ధన్,వలీకేందు,valeekaeMdu,"వలీకేందు, సువిలాస",
1690,జర,,No,వాగ్వల్లభ దుఃఖభంజన,వలీముఖీ,valeemukhee,వలీముఖీ ,
1691,రభజతతతగ,,10,వృరక 3-96/10 (జయదామన్),వల్లకీ,vallakee,వల్లకీ,
1692,నననననజనజగ,,13,రణపింగళ,వల్లరీ,vallaree,"వల్లరీ, వల్లరిక",
1693,సయజతగ,,8,"శ్రీకృష్ణ భాగవతం, శ్రీపాద.కృ.శా.",వల్లీ,vallee,వల్లీ,
1694,భభతనసగగ,,8,వాగ్వల్లభ  ,వల్వజా,valvajaa,"వల్వజా, వల్గుజం",
1695,తభజజగగ,,8,"200 జానాశ్రయ 4-72, వృరక 3-75/2-4 ((9) హేమచం 2.215 మా.పట్వర్థన్",వసంతతిలకము,vasaMtatilakamu,"వసంతతిలకము, మదనము, ఉద్ధర్షిణీ, ఇందుముఖీ,సైతవ, కర్ణోత్పల, మధుమాధవీ అభ్రకమ్",
1696,మభసయ,,8,వాగ్వల్లభ ,వసంతహాసః,vasaMtahaasa@h,వసంతహాసః,
1697,ననయమ,,7,వాగ్వల్లభ ,వసనవిశాలా,vasanaviSaalaa,వసనవిశాలా,
1698,జభతరసగ,,9,మా పట్వర్ధన్,వసుంధర,vasuMdhara,వసుంధర,
1699,నజభజజర,,13,వాగ్వల్లభ మా.పట్వర్థన్,వసుపదమంజరీ,vasupadamaMjaree,"వసుపదమంజరీ, త్రిదశాంగనా ",
1700,నజభభసజగల,,11,సఆంఋసం వగోకృ,వసుమతి 1,vasumati-1,వసుమతి 1,
1701,తస,,No,లక్షణ అప్పక ,వసుమతి 2,vasumati-2,వసుమతి 2,
1702,జజననననల,,13,రణపింగళ,వసుమతీ 3,vasumatee-3,వసుమతీ 3,
1703,భభభభభతజలగ,,14,రణపింగళ,వసురత్న,vasuratna,వసురత్న,
1704,మతరమగ,,7,రణపింగళ,వస్తు,vastu,"వస్తు, వాస్తుక",
1705,జజగ,,No,వాగ్వల్లభ దుఃఖభంజన,వహిర్వలి,vahirvali,వహిర్వలి,
1706,నతగగ,,No,వాగ్వల్లభ దుఃఖభంజన,వాంతభారః,vaaMtabhaara@h,వాంతభారః,
1707,రనభర,,7,"ఛం.ప్ర. (కేశవ్), రణపింగళ మా.పట్వర్థన్",వాంధర,vaaMdhara,"వాంధర, యూథికా యురీకా ",
1708,యయయయయయయలగ,,"9,17",1.ఛం.సార 2. నెట్ నుండి (13 యతి)ఛంప్ర. మా పట్వర్ధన్,వాగీశ్వరీ,vaageeSvaree,"వాగీశ్వరీ, సుమందారమాలా",
1709,మససతజల,,9,ఛందస్కలావతీ,వాచా,vaachaa,వాచా,
1710,భమయజగగ,,9,వాగ్వల్లభ దుఃఖభంజన,వాటికావికాశః ,vaaTikaavikaaSa@h-,"వాటికావికాశః , వాటికావిలాసః, వాటికా",
1711,రనభభరలగ,,"7,13",అప్పక. గిడుగు పీఠిక,వాణి,vaaNi,వాణి,
1712,నజభజజగగ,,9,హేచంశా 2.299 వృ.ర 3.93 రణపింగళ మా.పట్వర్థన్ (11),వాణినీ,vaaNinee,"వాణినీ, సురవాణినీ ",
1713,మభసనయసగ,,10,200 కొక్కొండ వృత్తాలంకార రత్నావళీ,వాణీ,vaaNee,వాణీ,
1714,మమతనమ,,9,వాగ్వల్లభ దుఃఖభంజన,వాణీభూషా,vaaNeebhooshaa,వాణీభూషా,
1715,మభసభతయగగ,,11,వాగ్వల్లభ దుఃఖభంజన,వాణీవాణః,vaaNeevaaNa@h,వాణీవాణః,
1716,మభభగగ,,6,మా.పట్వర్థన్,వాతాలీ,vaataalee,వాతాలీ ,
1717,యయలల,,No,వాగ్వల్లభ దుఃఖభంజన,వాతులి,vaatuli,వాతులి,
1718,మభతలగ,,7,200 మోడేకుర్తి 1. వాగ్వల్లభ  2 ఛం.సార (యతి 5) మా.పట్వర్థన్,వాతోర్మి,vaatOrmi,వాతోర్మి ,
1719,భయ‌గగ,,No,వాగ్వల్లభ దుఃఖభంజన,వాత్యా,vaatyaa,వాత్యా,
1720,మయగల,,No,ఛంప్ర. పే 123 ఛం.ప్ర. ఛం.సారావళీ,వాపీ,vaapee,వాపీ,
1721,జజజజజజజయ,,13,"ఛం.సార, ఛందః సమీక్షా భిఖారీదాస్ వృత్తమౌక్తిక",వామ,vaama,"వామ, మాధవికా, మంజరీ, మకరంద, మాధవి ",
1722,రజనరజగ,,10,కొక్కొండ,వామదేవ,vaamadaeva,వామదేవ ,
1723,భజతతగ,,8,వాగ్వల్లభ దుఃఖభంజన,వామవదనా,vaamavadanaa,వామవదనా,
1724,రసతసస,,8,శ్రీ వేంకటేశాయ సహస్రనామ సహస్రఛందమాల - శ్రీతోపెల్ల బాలసుబ్రహ్మణ్య శర్మ & వేగరాజు శ్రీరామ్,వాయిసూన,vaayisoona,"వాయిసూన, వాయుసూనకృత ",
1725,మసజసనజగ,,13,హేమచంద్ర 2-322 రత్నమంజూష 7-6 మా.పట్వర్థన్,వాయువేగ 1,vaayuvaega-1,వాయువేగ 1,
1726,మసజసననగ,,13,జానాశ్రయ ఛందోవిచితి 4-94,వాయువేగ 2,vaayuvaega-2,వాయువేగ 2,
1727,మసతజర,,7,శ్రీ వేంకటేశాయ సహస్రనామ సహస్రఛందమాల - శ్రీతోపెల్ల బాలసుబ్రహ్మణ్య శర్మ & వేగరాజు శ్రీరామ్,వాయుస్థాన,vaayusthaana,వాయుస్థాన ,
1728,భతజ,,No,వాగ్వల్లభ ,వారధియానం,vaaradhiyaanaM,వారధియానం,
1729,భరరలగ,,7,వాగ్వల్లభ దుఃఖభంజన,వారయాత్రికం,vaarayaatrikaM,వారయాత్రికం,
1730,సభభగ,,7,వాగ్వల్లభ దుఃఖభంజన,వారవతీ,vaaravatee,వారవతీ ,
1731,మమమమగ,,9,1.వృత్త మౌక్తిక చంద్రశేఖర 2.వాగ్వల్లభ దుఃఖభంజన,వారాహ,vaaraaha,"వారాహ, సవ్యాలీ",
1732,జతగగ,,No,"1.వా.వ. 2.లక్షణ 3.అప్పక,",వారిశాలా,vaariSaalaa,"వారిశాలా, వితానం, విమాన",
1733,నజయగగ,,8,1.వా.వ.   2. ఛం.సా. మా.పట్వర్థన్,వార్తాహారీ,vaartaahaaree,"వార్తాహారీ, బాధాహారీ",
1734,రనరయససస,,12,కుశలవ కో.శ్రీ,వాల్మీకి,vaalmeeki,వాల్మీకి,
1735,మతనమగగ,,7,1. వాగ్వల్లభ 2.ఛం.సా.3.ఛం.మం మా.పట్వర్థన్,వాసంతీ,vaasaMtee,"వాసంతీ, వాసంతీ, సేమంతీ ",
1736,భమసతయభమగ,,"10,16",వాగ్వల్లభ దుఃఖభంజన,వాసకలీలా,vaasakaleelaa,వాసకలీలా,
1737,భభభమగ,,8,వాగ్వల్లభ ,వాసవిలాసవతీ,vaasavilaasavatee,వాసవిలాసవతీ,
1738,తనభభనలగ,,10,వాగ్వల్లభ దుఃఖభంజన,వాహాంతరితం,vaahaaMtaritaM,వాహాంతరితం,
1739,తమమయ,,8,ఛం.సార,వాహినీ,vaahinee,వాహినీ,
1740,ననరయగ,,8,మా.పట్వర్థన్,వాహినీ 2,vaahinee-2,"వాహినీ 2, చంద్రికా",
1741,యత,,No,వాగ్వల్లభ ,విందు          ,viMdu          ,విందు          ,
1742,మరమతగగ,,10,వాగ్వల్లభ దుఃఖభంజన,వింధ్యారూఢం,viMdhyaarooDhaM,"వింధ్యారూఢం, వంధ్యారూఢం",
1743,మననగ,,6,మా.పట్వర్థన్ భ.నా.శా.,వికచకుముదినీ,vikachakumudinee,"వికచకుముదినీ, కుసుమసముదితా ",
1744,నయభ,,No,వాగ్వల్లభ దుఃఖభంజన,వికచవతి,vikachavati,వికచవతి,
1745,జజసస,,7,వాగ్వల్లభ ,వికత్థనం,vikatthanaM,వికత్థనం,
1746,మభననననననస,,"13,22",హైమ చందోశాసనం ,వికసితకుసుమం,vikasitakusumaM,వికసితకుసుమం ,
1747,నయయగగ,,9,వాగ్వల్లభ దుఃఖభంజన,వికసితపద్మావళి,vikasitapadmaavaLi,వికసితపద్మావళి,
1748,రజరజరజరజగగ,,"9,19",వాగ్వల్లభ దుఃఖభంజన,వికుంఠకంఠః,vikuMThakaMTha@h,వికుంఠకంఠః,
1749,నననయమనజయ,,13,వాగ్వల్లభ దుఃఖభంజన,విగాహితగేహం,vigaahitagaehaM,విగాహితగేహం,
1750,నననననననగ,,13,"200, వాగ్వల్లభ దుఃఖభంజన",విచికిలిత,vichikilita,"విచికిలిత, కనకలతిక, అచలవిరతిః",
1751,ననతయ,,8,వాగ్వల్లభ ,విజయపరిచయా,vijayaparichayaa,విజయపరిచయా,
1752,భనభతనసననగ,,"21,19",మోడేకుర్తి,విజయము,vijayamu,విజయము,
1753,నభభననననలగ,,13,మోడేకుర్తి లక్షణ శిరోమణి,విజయశంఖము,vijayaSaMkhamu,విజయశంఖము ,
1754,రర,,No,1.వాగ్వల్లభ 2. మోడేకుర్తి 3.వృ.మౌ.చం.,విజోహా,vijOhaa,"విజోహా, విమోహా, వల్లరీ, విమోహమ్",
1755,జమగగ,,No,"లక్షణ, అప్పక', విద్యోతమాకాళిదాసీయం (రాంకిశోర్ మిశ్రా)",వితాన,vitaana,"వితాన, యోగః",
1756,నననరలగ,,7,వాగ్వల్లభ దుఃఖభంజన,వితానితా,vitaanitaa,వితానితా,
1757,రలగ,,No,మోడేకుర్తి ,విదగ్ధకము,vidagdhakamu,విదగ్ధకము ,
1758,నజనస,,6,మా పట్వర్ధన్,విదళిత సరసిజ,vidaLita-sarasija,విదళిత సరసిజ,
1759,సజయ,,No,ఛందస్కలావతీ,విద్యా,vidyaa,విద్యా ,
1760,తజలగ,,No,1.వా.వ   2. మో.ఆం.,విద్యా 2,vidyaa-2,"విద్యా 2, కబరి",
1761,మమమమ,,7,1. ఛం.సూ 2. మో.ఆం 3. శకద్రు ఛంప్ర. వాణీభూషణ,విద్యాధారః,vidyaadhaara@h,"విద్యాధారః, విద్యాధర, విద్యాధారః, ఆపీడ, విద్యాధారి, కల్యాణ, శ్రీలీలా",
1762,మమమమమమమగ,,13,వృమౌచం,విద్యానంద,vidyaanaMda,విద్యానంద,
1763,యయయయయయయ,,12,వాగ్వల్లభ మా పట్వర్ధన్,విద్యుదాలీ,vidyudaalee,విద్యుదాలీ,
1764,మమమనగ,,7,భ.నా.శా.,విద్యున్మాల,vidyunmaala,విద్యున్మాల ,
1765,మమగగ,,5,200  మా.పట్వర్థన్ భ.నా.శా.,విద్యున్మాల 2,vidyunmaala-2,"విద్యున్మాల 2, విద్యుల్లేఖా",
1766,నసతతగ,,7,"హేమ 2.209, వృరక జయ 3-70/9 మా.పట్వర్థన్",విద్యున్మాలిక,vidyunmaalika,"విద్యున్మాలిక, విద్యుత్",
1767,నయతయ,,7,వాగ్వల్లభ ,విద్యుమదోలా,vidyumadOlaa,విద్యుమదోలా,
1768,తరమజగ,,8,మా పట్వర్ధన్,విద్యుల్లత,vidyullata,విద్యుల్లత ,
1769,నజననలగ,,8,మోడేకుర్తి,విద్రుమలత,vidrumalata,విద్రుమలత,
1770,జజజర,,6,వాగ్వల్లభ ,విధారితా,vidhaaritaa,విధారితా,
1771,నభరనమయలగ,,13,మోడేకుర్తి,విధి,vidhi,విధి,
1772,మననతనమగ,,12,వాగ్వల్లభ దుఃఖభంజన,విధునిధువనం,vidhunidhuvanaM,విధునిధువనం,
1773,ననభనగ,,8,మా.పట్వర్థన్,విధురవితాన,vidhuravitaana,విధురవితాన,
1774,ననభసగ,,8,వాగ్వల్లభ దుఃఖభంజన,విధురవితానమ్,vidhuravitaanam^,విధురవితానమ్,
1775,సతయభనలగ,,10,వాగ్వల్లభ దుఃఖభంజన,విధురవిరహితా,vidhuravirahitaa,విధురవిరహితా,
1776,ససససలగ,,9,వాగ్వల్లభ దుఃఖభంజన,వినందినీ,vinaMdinee,వినందినీ,
1777,స,,No,మోడేకుర్తి ,వినయ,vinaya,వినయ ,
1778,న,,No,మోడేకుర్తి ,వినయము,vinayamu,"వినయము, కమలము ",
1779,నయనయనయనయగగ,,13,వాగ్వల్లభ దుఃఖభంజన,వినయవిలాసః,vinayavilaasa@h,వినయవిలాసః,
1780,నజభజభల,,10,బృ.సం.వివృత్తి,వినాశినీ,vinaaSinee,వినాశినీ ,
1781,రరరరజరజరలగ,,"10,20",వాగ్వల్లభ దుఃఖభంజన,వినిద్రసింధురః,vinidrasiMdhura@h,వినిద్రసింధురః,
1782,రనభరజగల,,10,సఆంఋసం వగోకృ,వినియతి,viniyati,వినియతి ,
1783,జరజరజరజర,,16,రణపింగళ,విపక్వ,vipakva,విపక్వ,
1784,నరనమగ,,8,వాగ్వల్లభ దుఃఖభంజన,విపన్నకదనం,vipannakadanaM,"విపన్నకదనం, విపన్న కలనం, విపన్నకవలం",
1785,నభజజలగ,,9,వాగ్వల్లభ దుఃఖభంజన,విపాకవతి,vipaakavati,విపాకవతి,
1786,నసనరర,,9,వాగ్వల్లభ దుఃఖభంజన మా పట్వర్ధన్,విపినతిలకం,vipinatilakaM,విపినతిలకం ,
1787,రజనర,,7,వాగ్వల్లభ ,విపులపాలికా,vipulapaalikaa,విపులపాలికా,
1788,నజయగ,,7,మా.పట్వర్థన్ భ.నా.శా.,విపులభుజా,vipulabhujaa,విపులభుజా ,
1789,మనజభనజరలగ,,"7,15",1. వాగ్వల్లభ 2. వృత్తజాతి సముచ్చయా,విపులాయితం,vipulaayitaM,విపులాయితం,
1790,భజరర,,6,వాగ్వల్లభ ,విప్లుతశిఖా,viplutaSikhaa,విప్లుతశిఖా,
1791,భసభతనసననగ,,"12,21",లక్షణ శిరోమణి,విభవ,vibhava,విభవ,
1792,నయతయగ,,10,వాగ్వల్లభ దుఃఖభంజన,విభా,vibhaa,విభా,
1793,తరగగ,,No,మా.పట్వర్థన్,విభా 2,vibhaa-2,విభా 2,
1794,సతనరనజ,,10,సఆంఋసం వగోకృ,విభాకరవృత్తము,vibhaakaravRttamu,విభాకరవృత్తము,
1795,నభజజగ,,7,వృత్తదర్పణ్ మా.పట్వర్థన్,విభావరి జనకాత్మజ,vibhaavari-janakaatmaja,విభావరి జనకాత్మజ ,
1796,మసజసతతభర,,13,హేమఛంశా 2-371 రత్నమంజూష,విభ్రమగతి,vibhramagati,విభ్రమగతి,
1797,ననససగగ,,9,భ.నా.శా. మా.పట్వర్థన్,విభ్రమా,vibhramaa,విభ్రమా ,
1798,సమనలగ,,7, భ.నా.శా. మా.పట్వర్థన్,విమల,vimala,"విమల, అతివిమలా",
1799,ననననల,,7,వృత్తమౌక్తిక,విమలగతి,vimalagati,విమలగతి ,
1800,సనలగ,,No,భ.నా.శా. మా.పట్వర్థన్,విమలజలా,vimalajalaa,విమలజలా ,
1801,ససజగగ,,7,వాగ్వల్లభ మా.పట్వర్థన్,విమలా 2,vimalaa-2,"విమలా 2, అమలా",
1802,తసభనతల,,10,సఆంఋసం వగోకృ,వియద్ విషమ వృత్తము,viyad^-vishama-vRttamu,వియద్ విషమ వృత్తము,
1803,యరతమయగ,,10,మా.పట్వర్థన్,వియద్గంగా,viyadgaMgaa,వియద్గంగా ,
1804,భభనర,,7,వాగ్వల్లభ  ,విరతప్రభా,virataprabhaa,విరతప్రభా ,
1805,తననయ,,6,వాగ్వల్లభ మా.పట్వర్థన్,విరతిప్రహతి,viratiprahati,"విరతిప్రహతి, విరతిమహతి",
1806,సజనర,,7,వాగ్వల్లభ ,విరలా,viralaa,"విరలా, వీరలా",
1807,సనజర,,7,వాగ్వల్లభ ,విరలా 2,viralaa-2,విరలా 2,
1808,మసజస,,8,వాగ్వల్లభ ,విరలోద్ధతా,viralOddhataa,విరలోద్ధతా,
1809,భసభగ,,8,వాగ్వల్లభ  ,విరళం,viraLaM,"విరళం, కటికా",
1810,ససభసగ,,8,రణపింగళ,విరళవిరాగ,viraLaviraaga,విరళవిరాగ,
1811,మననతయననసగ,,"10,19",వాగ్వల్లభ దుఃఖభంజన,విరహ,viraha,"విరహ, విరహస్యం",
1812,జయగగ,,No,వాగ్వల్లభ దుఃఖభంజన,విరాజికరా,viraajikaraa,విరాజికరా,
1813,నజరసనజరనలగ,,"10,19",వాగ్వల్లభ దుఃఖభంజన,విరామవాటికా,viraamavaaTikaa,విరామవాటికా,
1814,మభసభతలగ,,10,వాగ్వల్లభ దుఃఖభంజన,విరుద్రుతం,virudrutaM,విరుద్రుతం,
1815,రనరల,,6,వాగ్వల్లభ దుఃఖభంజన,విరేకి,viraeki,విరేకి ,
1816,నభసజగ,,8,వాగ్వల్లభ దుఃఖభంజన,విరోధినీ,virOdhinee,విరోధినీ ,
1817,జసల,,No,వాగ్వల్లభ దుఃఖభంజన,విరోహి,virOhi,విరోహి,
1818,నభసజగగ,,10,వాగ్వల్లభ దుఃఖభంజన,విలంబనీయం,vilaMbaneeyaM,విలంబనీయం,
1819,జసజసజసజలగ,,16,వాగ్వల్లభ దుఃఖభంజన,విలంబలలితం,vilaMbalalitaM,విలంబలలితం,
1820,జనరనరర,,13,మా.పట్వర్థన్,విలంబితగతి,vilaMbitagati,విలంబితగతి ,
1821,భనయభ,,7,పింగళ పీయూష,విలాస,vilaasa,విలాస,
1822,మససరరర,,10,మందార మరందచంపూ 19-5,విలాస 2,vilaasa-2,విలాస 2,
1823,భభభభభభభభలల,,13,రణపింగళ,విలాస 3,vilaasa-3,విలాస 3,
1824,భసభభజభగగ,,14,వాగ్వల్లభ దుఃఖభంజన,విలాసవాసః,vilaasavaasa@h,విలాసవాసః,
1825,జరజగగ,,7,ఛం.సార పిం.గ.ఛం.సూ. మా.పట్వర్థన్,విలాసినీ,vilaasinee,విలాసినీ,
1826,మతమమగ,,6,ఛంప్ర. పే 157,విలాసీ,vilaasee,విలాసీ,
1827,నజమగగ,,8,వాగ్వల్లభ దుఃఖభంజన,విలులితమంజరి,vilulitamaMjari,విలులితమంజరి,
1828,ననమననమ,,10,వాగ్వల్లభ దుఃఖభంజన,విలులితవనమాలా,vilulitavanamaalaa,విలులితవనమాలా,
1829,ననజజల,,7,పింగళ ప్రకాశ,విలేప,vilaepa,విలేప,
1830,నననజల,,7,పింగళ ప్రకాశ,విలేప 2,vilaepa-2,విలేప 2,
1831,రనభజస,,9,మా పట్వర్ధన్,విలోలనయన,vilOlanayana,విలోలనయన,
1832,తనసమ,,6,వాగ్వల్లభ ,వివరవిలసితం,vivaravilasitaM,వివరవిలసితం,
1833,మతయసభ,,8,సఆంఋసం వగోకృ,వివర్తన విషమ,vivartana-vishama,వివర్తన విషమ ,
1834,రసభసజలగ,,9,సఆంఋసం వగోకృ,వివస్వంత,vivasvaMta,వివస్వంత,
1835,సరరజజర,,7,శ్రీ వేంకటేశాయ సహస్రనామ సహస్రఛందమాల - శ్రీతోపెల్ల బాలసుబ్రహ్మణ్య శర్మ & వేగరాజు శ్రీరామ్,వివిధారిచ్ఛ,vividhaarichCha,వివిధారిచ్ఛ ,
1836,మభసభస,,10,వాగ్వల్లభ దుఃఖభంజన,విశకలితా,viSakalitaa,విశకలితా,
1837,సతయగ,,6,1.వా.వ. 2మో.ఆం. మా.పట్వర్థన్,విశదచ్ఛాయః,viSadachChaaya@h,"విశదచ్ఛాయః, కలగీత",
1838,యయయ,,No,వాగ్వల్లభ మా పట్వర్ధన్,విశల్యం,viSalyaM,"విశల్యం, ప్రమీల",
1839,జతతగ,,6,వాగ్వల్లభ దుఃఖభంజన,విశాలప్రభం,viSaalaprabhaM,విశాలప్రభం ,
1840,తతతగ,,6,వాగ్వల్లభ మా పట్వర్ధన్,విశాలాంతికం,viSaalaaMtikaM,"విశాలాంతికం, తారామతి",
1841,తసయమ,,7,వాగ్వల్లభ ,విశాలాంభోజాలీ,viSaalaaMbhOjaalee,"విశాలాంభోజాలీ, అంభోజాలీ",
1842,నజరర,,6,వాగ్వల్లభ ,విశిఖలతా,viSikhalataa,విశిఖలతా,
1843,రజభరజన,,9,సఆంఋసం వగోకృ,విశిష్ట,viSishTa,విశిష్ట,
1844,ననమమజజజగగ,,"10,19",వాగ్వల్లభ దుఃఖభంజన,విశేషకదలితం,viSaeshakadalitaM,విశేషకదలితం,
1845,మసజగగ,,7,1. వాగ్వల్లభ 2. వృ.మౌ.చం. కొక్కొండ మా.పట్వర్థన్,విశ్వ విరాట్,viSva-viraaT^,"విశ్వ విరాట్, సుకేశీ, సాయం, ఏకరూపా",
1846,మయయయరరతతగగ,,"6,14,21",వాగ్వల్లభ దుఃఖభంజన,విశ్వ విశ్వాసః,viSva-viSvaasa@h,విశ్వ విశ్వాసః,
1847,రరసరతరస,,10,శ్రీ వేంకటేశాయ సహస్రనామ సహస్రఛందమాల - శ్రీతోపెల్ల బాలసుబ్రహ్మణ్య శర్మ & వేగరాజు శ్రీరామ్,విశ్వతేజ,viSvataeja,"విశ్వతేజ, విశ్వతేజస్సు ",
1848,రభర,,No,శ్రీ వేంకటేశాయ సహస్రనామ సహస్రఛందమాల - శ్రీతోపెల్ల బాలసుబ్రహ్మణ్య శర్మ & వేగరాజు శ్రీరామ్,విశ్వరాజే,viSvaraajae,"విశ్వరాజే, విశ్వరాజా ",
1849,ససజతననల,,10,సఆంఋసం వగోకృ,విశ్వసృష్టి,viSvasRshTi,విశ్వసృష్టి,
1850,నయభసభజ,,10,సఆంఋసం వగోకృ,విశ్వేదేవత,viSvaedaevata,విశ్వేదేవత,
1851,నసమమ,,9,వాగ్వల్లభ ,విషమవ్యాలీ,vishamavyaalee,విషమవ్యాలీ,
1852,యనరభజతసయలగ,,16,వాగ్వల్లభ దుఃఖభంజన,విషాణాశ్రితం,vishaaNaaSritaM,విషాణాశ్రితం,
1853,సససగగ,,6,వాగ్వల్లభ దుఃఖభంజన ఛంప్ర. పే 136 పింగళ పీయూష,విష్టంభః గగన,vishTaMbha@h-gagana,విష్టంభః గగన,
1854,మసతనజనర,,10,శ్రీ వేంకటేశాయ సహస్రనామ సహస్రఛందమాల - శ్రీతోపెల్ల బాలసుబ్రహ్మణ్య శర్మ & వేగరాజు శ్రీరామ్,విష్వక్సేన,vishvaksaena,విష్వక్సేన,
1855,తభజనతతగగ,,10,వాగ్వల్లభ దుఃఖభంజన,విష్వగ్వితానం,vishvagvitaanaM,విష్వగ్వితానం,
1856,సన,,No,వాగ్వల్లభ దుఃఖభంజన,విససి,visasi,విససి,
1857,నసతల,,7,వాగ్వల్లభ దుఃఖభంజన,విస్త్రంసి,vistraMsi,విస్త్రంసి ,
1858,యయలగ,,No,వాగ్వల్లభ దుఃఖభంజన,విహాతా,vihaataa,"విహాతా, ",
1859,సజతగగ,,8,వాగ్వల్లభ దుఃఖభంజన,విహారీణి,vihaareeNi,"విహారీణి, భాసిని",
1860,జసయమ,,7,వాగ్వల్లభ ,వీణాదండం,veeNaadaMDaM,వీణాదండం,
1861,మరజసరస,,11,శ్రీ వేంకటేశాయ సహస్రనామ సహస్రఛందమాల - శ్రీతోపెల్ల బాలసుబ్రహ్మణ్య శర్మ & వేగరాజు శ్రీరామ్,వీణానాద,veeNaanaada,"వీణానాద, వీణానాదము ",
1862,తజజజజజజజలగ,,"10,19",రణపింగళ,వీణార,veeNaara,వీణార,
1863,యయయయరరరగ,,13,వాగ్వల్లభ దుఃఖభంజన,వీరనీరాజనా,veeraneeraajanaa,వీరనీరాజనా,
1864,నభల,,No,వాగ్వల్లభ దుఃఖభంజన,వీరవటు,veeravaTu,వీరవటు,
1865,నతలల,,No,మా పట్వర్ధన్,వీరవర,veeravara,వీరవర,
1866,మనజతతతతతగగ,,16,వాగ్వల్లభ దుఃఖభంజన,వీరవిక్రాంతః,veeravikraaMta@h,వీరవిక్రాంతః,
1867,భభభభభభగగ,,10,వాగ్వల్లభ  ,వీరవిమానం,veeravimaanaM,వీరవిమానం,
1868,ననరనరగగ,,10,వాగ్వల్లభ దుఃఖభంజన,వీరవిశ్రామః,veeraviSraama@h,వీరవిశ్రామః,
1869,మభస,,No,1. వా.వ 2. వృ.మౌ.చం 3.చం.సమీక్షా ఛందః ప్రదీప మా.పట్వర్థన్,వీరా,veeraa,"వీరా, అవీరాపాపిత్తా, పాయింతమ్, పవిత్రా, ప్రాయీత, సింహక్రాంతా ",
1870,జసమగ,,7,వాగ్వల్లభ దుఃఖభంజన,వీరాంతా,veeraaMtaa,వీరాంతా ,
1871,నజసలగ,,6,వాగ్వల్లభ దుఃఖభంజన,వీవధః,veevadha@h,వీవధః,
1872,సమలల,,No,వాగ్వల్లభ దుఃఖభంజన,వృంతం,vRMtaM,వృంతం,
1873,తరల,,No,వాగ్వల్లభ దుఃఖభంజన,వృందా,vRMdaa,"వృందా, శంకరప్రియ ",
1874,భమనగ,,5,భ.నా.శా.,వృతసమృద్దా,vRtasamRddaa,వృతసమృద్దా ,
1875,నసతగగ,,7,200,వృత్త,vRtta,వృత్త ,
1876,నభగగ,,No,"వాగ్వల్లభ దుఃఖభంజన, వృతక జయదామన్ 3-77",వృత్తముఖీ,vRttamukhee,"వృత్తముఖీ, మధుమతీ",
1877,యజ,,No,వాగ్వల్లభ దుఃఖభంజన,వృత్తహారి,vRttahaari,వృత్తహారి,
1878,తతజతగ,,8,వాగ్వల్లభ దుఃఖభంజన,వృద్ధవామా,vRddhavaamaa,వృద్ధవామా,
1879,రసగగ,,No,"సునందినీ పరిణయము, బభ్రువాహన కో.శ్రీ",వృష,vRsha,వృష,
1880,నమమరసలగ,,10,భ.నా.శా.,వృషభలలిత,vRshabhalalita,వృషభలలిత ,
1881,రసజరభజస,,10,శ్రీ వేంకటేశాయ సహస్రనామ సహస్రఛందమాల - శ్రీతోపెల్ల బాలసుబ్రహ్మణ్య శర్మ & వేగరాజు శ్రీరామ్,వేంకటాద్రి,vaeMkaTaadri,వేంకటాద్రి,
1882,నజనసభనననలగ,,"9,16",హేమచంద్ర 2-379 భనాశా 32-296,వేగవతి,vaegavati,వేగవతి,
1883,రనజభనస,,10,మోడేకుర్తి,వేణునాదము,vaeNunaadamu,వేణునాదము,
1884,రజరభసగ,,9,సఆంఋసం వగోకృ,వేదశ్రీ,vaedaSree,వేదశ్రీ,
1885,తయగ,,No,వాగ్వల్లభ ఛం.సారావళీ మా.పట్వర్థన్,వేదాః,vaedaa@h,"వేదాః, భక్తి హాలా",
1886,నయరరగ,,7,పింగళ ప్రకాశ,వేలా,vaelaa,"వేలా, బేలా",
1887,ససససమగ,,7,మా.పట్వర్థన్,వేల్లిత,vaellita,వేల్లిత ,
1888,భభభమసననస,,"10,18",వాగ్వల్లభ  ,వేల్లితవేలం,vaellitavaelaM,వేల్లితవేలం,
1889,ససననమగ,,8,హేమచంద్ర 2.284 రత్నమంజూష 6-30,వేల్లితా,vaellitaa,వేల్లితా,
1890,ననయనలల,,8,వాగ్వల్లభ దుఃఖభంజన,వేశంభరి,vaeSaMbhari,వేశంభరి,
1891,భనలల,,No,వాగ్వల్లభ ,వేశి,vaeSi,"వేశి, వేషి",
1892,మభయమనభనస,,"10,19","మోడేకుర్తి మం.మ.చం. (9, 17)",వేశ్యాప్రీతి,vaeSyaapreeti,వేశ్యాప్రీతి,
1893,తనతనతనగగ,,13,మందార మరంద చంపూ 19 పుట-15 పంక్తి,వేశ్యారత్న,vaeSyaaratna,వేశ్యారత్న ,
1894,మమలగ,,No,శ్రీ వేంకటేశాయ సహస్రనామ సహస్రఛందమాల - శ్రీతోపెల్ల బాలసుబ్రహ్మణ్య శర్మ & వేగరాజు శ్రీరామ్,వేష్ట్రే,vaeshTrae,వేష్ట్రే ,
1895,తజజనసజ,,9,సఆంఋసం వగోకృ,వైకుంఠ శ్రీ,vaikuMTha-Sree,వైకుంఠ శ్రీ ,
1896,తరససరస,,9,శ్రీ వేంకటేశాయ సహస్రనామ సహస్రఛందమాల - శ్రీతోపెల్ల బాలసుబ్రహ్మణ్య శర్మ & వేగరాజు శ్రీరామ్,వైకుంఠమందిర,vaikuMThamaMdira,వైకుంఠమందిర ,
1897,తమయర,,7,మా.పట్వర్థన్,వైఖరీ,vaikharee,వైఖరీ ,
1898,తసతసలగ,,8,శ్రీ వేంకటేశాయ సహస్రనామ సహస్రఛందమాల - శ్రీతోపెల్ల బాలసుబ్రహ్మణ్య శర్మ & వేగరాజు శ్రీరామ్,వైఖాన,vaikhaana,"వైఖాన, వైఖానసమఖారంభ ",
1899,రరజజరర,,9,శ్రీ వేంకటేశాయ సహస్రనామ సహస్రఛందమాల - శ్రీతోపెల్ల బాలసుబ్రహ్మణ్య శర్మ & వేగరాజు శ్రీరామ్,వైజయంతీ,vaijayaMtee,వైజయంతీ ,
1900,రరజరర,,6,శ్రీ వేంకటేశాయ సహస్రనామ సహస్రఛందమాల - శ్రీతోపెల్ల బాలసుబ్రహ్మణ్య శర్మ & వేగరాజు శ్రీరామ్,వైనతేయా,vainataeyaa,వైనతేయా ,
1901,మమయయ,,8,200 వాగ్వల్లభ HCS 2.177 వృరక 3-178 మా.పట్వర్థన్ భ.నా.శా.,వైశ్వదేవీ,vaiSvadaevee,"వైశ్వదేవీ, చంద్రలేఖ ",
1902,భతరగ,,6,మా.పట్వర్థన్,వైష్ణవ,vaishNava,వైష్ణవ ,
1903,భజతసయన,,9,సఆంఋసం వగోకృ,వైష్ణవి,vaishNavi,వైష్ణవి,
1904,తసమ,,No,వాగ్వల్లభ దుఃఖభంజన,వైసారూ,vaisaaroo,"వైసారూ, వైసారం",
1905,తభయభసససజగ,,"9,16",వాగ్వల్లభ దుఃఖభంజన,వ్యాకోశ కోశలం,vyaakOSa-kOSalaM,వ్యాకోశ కోశలం,
1906,భమల,,No,వాగ్వల్లభ దుఃఖభంజన,వ్యాహారి,vyaahaari,వ్యాహారి,
1907,రజభభజగ,,9,సఆంఋసం వగోకృ,వ్యోమ,vyOma,వ్యోమ,
1908,రతమయరగ,,10,మా.పట్వర్థన్,వ్యోమగంగా,vyOmagaMgaa,వ్యోమగంగా ,
1909,యగ,,No,మోడేకుర్తి ,వ్రీడ,vreeDa,వ్రీడ ,
1910,తగ,,No,మోడేకుర్తి ,వ్రీళ,vreeLa,వ్రీళ ,
1911,భసనజయ,,11,కొక్కొండ,శంకర 1,SaMkara-1,శంకర 1 ,
1912,భజనసనగ,,11,కొక్కొండ,శంకర 2,SaMkara-2,శంకర 2,
1913,తజజజజజజలగ(గగ+7స),,"8,15","హేమచంద్ర 2-360, జయకీర్తి ఛంశా. 2-252 రణపింగళ",శంఖ,SaMkha,"శంఖ, డంబలయ",
1914,సభ,,No,వాగ్వల్లభ దుఃఖభంజన,శంఖద్యుతి,SaMkhadyuti,శంఖద్యుతి,
1915,రసజజనర,,10,శ్రీ వేంకటేశాయ సహస్రనామ సహస్రఛందమాల - శ్రీతోపెల్ల బాలసుబ్రహ్మణ్య శర్మ & వేగరాజు శ్రీరామ్,శంఖపూజిత,SaMkhapoojita,శంఖపూజిత,
1916,రరజరజజస,,10,శ్రీ వేంకటేశాయ సహస్రనామ సహస్రఛందమాల - శ్రీతోపెల్ల బాలసుబ్రహ్మణ్య శర్మ & వేగరాజు శ్రీరామ్,శంఖరాజ,SaMkharaaja,శంఖరాజ ,
1917,తభరనస,,7,వాగ్వల్లభ దుఃఖభంజన,శంఖావలీ,SaMkhaavalee,శంఖావలీ,
1918,భతల,,No,వాగ్వల్లభ దుఃఖభంజన,శంతో,SaMtO,"శంతో, లీలా",
1919,తనమమ,,9,వాగ్వల్లభ ,శంపా,SaMpaa,శంపా,
1920,యతనభనరగల,,13,సఆంఋసం వగోకృ,శంబర,SaMbara,శంబర,
1921,నభభరనభభర,,"7,19",వాగ్వల్లభ దుఃఖభంజన,శంబరం,SaMbaraM,శంబరం,
1922,భతయ,,No,వాగ్వల్లభ దుఃఖభంజన,శంబరధారీ,SaMbaradhaaree,శంబరధారీ,
1923,సమగ,,No,వాగ్వల్లభ దుఃఖభంజన,శంబూకః,SaMbooka@h,శంబూకః,
1924,సతయభమమగ,,13,1.వాగ్వల్లభ 2.ఛం.సార ప్రా.పైం.2-194,శంభుః,SaMbhu@h,"శంభుః, శంభూ",
1925,జసనభజననభలగ,,15,"మోడేకుర్తి, కొక్కొండ (10,18)",శంభునటనము,SaMbhunaTanamu,శంభునటనము,
1926,మరరననరజరలగ,,"10,17",వాగ్వల్లభ దుఃఖభంజన,శకుంతకుంతలః,SakuMtakuMtala@h,శకుంతకుంతలః,
1927,జమసయ,,6,ఛందస్కలావతీ,శకుంతలా,SakuMtalaa,శకుంతలా ,
1928,భనభయజగల,,10,సఆంఋసం వగోకృ,శక్తి,Sakti,శక్తి,
1929,రసజజతతగగ,,11,రణపింగళ,శక్రం,SakraM,శక్రం,
1930,యరజరయర,,10,శ్రీ వేంకటేశాయ సహస్రనామ సహస్రఛందమాల - శ్రీతోపెల్ల బాలసుబ్రహ్మణ్య శర్మ & వేగరాజు శ్రీరామ్,శచీశాభీష్ట,SacheeSaabheeshTa,శచీశాభీష్ట ,
1931,భజసనభజసనగ,,"13,17","మోడేకుర్తి , కొక్కొండ (9,17)",శతపత్ర,Satapatra,"శతపత్ర, చారుమతి",
1932,భసజససస,,10,సఆంఋసం వగోకృ,శబ్ద,Sabda,శబ్ద,
1933,రజభసజగల,,9,సఆంఋసం వగోకృ,శబ్ద గుణక శ్రీ,Sabda-guNaka-Sree,శబ్ద గుణక శ్రీ ,
1934,ననసనయ,,10,వాగ్వల్లభ దుఃఖభంజన,శరకల్పా,Sarakalpaa,శరకల్పా,
1935,సరనరరరర,,13,వాగ్వల్లభ దుఃఖభంజన,శరకాండప్రకాండం,SarakaaMDaprakaaMDaM,శరకాండప్రకాండం,
1936,రసగ,,No,వాగ్వల్లభ దుఃఖభంజన,శరగీతి,Sarageeti,శరగీతి,
1937,నభభగ,,5,వాగ్వల్లభ దుఃఖభంజన,శరత్,Sarat^,శరత్ ,
1938,నభనతగగ,,,ఛందోనుశాసనం,శరభలలిత 2,Sarabhalalita-2,శరభలలిత 2 ,
1939,మభనతగగ,,11,వృ.మౌ./ భ.నా.శా 15 Cha. Page 157 -64 line. రణపింగళ మా.పట్వర్థన్ (7),శరభీ,Sarabhee,"శరభీ, శరభా, హంససేనీ శరభ లలితా ",
1940,రసజజభరసయగ,,13,వాగ్వల్లభ దుఃఖభంజన,శరభూరిణీ,SarabhooriNee,శరభూరిణీ,
1941,భభభభసగ,,7,హేమచంద్ర ఛంశా 2-264 జ.కీ ఛంశా 2.198 మా.పట్వర్థన్,శరమాల,Saramaala,"శరమాల, స్మరశరమాల",
1942,సభజయ,,7,వాగ్వల్లభ  బృహత్ పింగళ P 259 ,శరమేయా,Saramaeyaa,"శరమేయా, నీరాంతికా",
1943,సభతతగగ,,7,మా పట్వర్ధన్,శరయూ,Sarayoo,శరయూ,
1944,నజయ,,No,వాగ్వల్లభ ఛంప్ర. పే 129 మా.పట్వర్థన్ భ.నా.శా. నేమినాథస్తవనం,శరరీఢా,SarareeDhaa,"శరరీఢా, అనీ, అమృత, శశిరేఖా, శశిలేఖా",
1945,ననననన,,10,1. వా.వ. 2. లక్షణ. (యతి 6) 3. వృ.మౌ.చం.,శరహతిః,Sarahati@h,"శరహతిః, స్రజ, ఉడుగణము",
1946,యయజసగ,,7,వాగ్వల్లభ దుఃఖభంజన,శలభలోలా,SalabhalOlaa,"శలభలోలా, శలభలోలా",
1947,భజజలగ,,6,వాగ్వల్లభ దుఃఖభంజన,శల్క శకలం,Salka-SakalaM,శల్క శకలం,
1948,తభజభజభలగ,,13,హేచంద్ర 2-344 వృజాస 5-44,శశాంక రచిత,SaSaaMka-rachita,శశాంక రచిత,
1949,య,,No,మోడేకుర్తి ,శశి,SaSi,శశి,
1950,సనర,,No,వాగ్వల్లభ దుఃఖభంజన,శశికరీ,SaSikaree,శశికరీ,
1951,నననసస,,7,మా.పట్వర్థన్,శశికలా,SaSikalaa,శశికలా ,
1952,జజజయభసససగ,,13,ఛందస్కలావతీ,శశికాంతా,SaSikaaMtaa,శశికాంతా,
1953,భభరసససలగ,,10,రణపింగళ,శశిధర,SaSidhara,శశిధర,
1954,నరభనరజ,,10,సఆంఋసం వగోకృ,శశిధర 2,SaSidhara-2,శశిధర 2,
1955,నయ,,No,1. మోడేకుర్తి 2. వృ.మౌ.చం. 3. కవి.కావ్యా.లక్షణ అప్పక ఉదాత్తం. నాగ,శశివదనా,SaSivadanaa,"శశివదనా, చతురంశం, శశివదనా, సురలత",
1956,భనరసస,,10,వాగ్వల్లభ దుఃఖభంజన,శాంతసురభిః,SaaMtasurabhi@h,శాంతసురభిః,
1957,రనజననభలల,,10,సఆంఋసం వగోకృ,శాంతిశ్రీ,SaaMtiSree,శాంతిశ్రీ,
1958,జమలల,,No,వాగ్వల్లభ ,శాఖోటకి,SaakhOTaki,శాఖోటకి,
1959,భనభయజజగ,,12,కుశలవ కో.శ్రీ,శాతశర,SaataSara,శాతశర,
1960,నసజభజగగ,,10,వాగ్వల్లభ దుఃఖభంజన,శాయినీ,Saayinee,శాయినీ,
1961,తభరమజజ,,10,ఛం.సార ఛంప్ర. పే 186,శారద,Saarada,శారద,
1962,నజజజజజలగ,,11,"శ్రీకృష్ణ భాగవతం, శ్రీపాద.కృ.శా.",శారద 2,Saarada-2,శారద 2,
1963,తయసభగగ,,7,1. వా.వ. 2. మోడేకుర్తి (యతి7) (మంమ.చం) మా.పట్వర్థన్ వృత్తాలంకార రత్నావళి 43,శారదచంద్రః,SaaradachaMdra@h,"శారదచంద్రః, మదనార్త, కలహంసీ, శుభకామి",
1964,ననభభనజజసజలగ,,"11,21",సఆంఋసం వగోకృ,శారికా,Saarikaa,శారికా,
1965,మసజసరస,,13,రణపింగళ,శార్దూల,Saardoola,శార్దూల ,
1966,మసజసరమ,,13,1. ఛం.సార 2. శ.క.ద్రు మా.పట్వర్థన్,శార్దూల 2,Saardoola-2,"శార్దూల 2, శార్దూలం",
1967,మసజసతస,,13,"వాగ్వల్లభ, భిఖారీదాస్ (7) మా.పట్వర్థన్",శార్దూల లలితం,Saardoola-lalitaM,"శార్దూల లలితం, సార్ధలలిత, శార్మలలలిత",
1968,మనజనతన,,13,200,శార్దూల లలితము 2,Saardoola-lalitamu-2,శార్దూల లలితము 2,
1969,మనజనరమ,,13,మోడేకుర్తి,శార్దూలము,Saardoolamu,శార్దూలము,
1970,మసజసతతగ,,13,200 మా.పట్వర్థన్ భ.నా.శా.,శార్దూలవిక్రీడితము,SaardoolavikreeDitamu,శార్దూలవిక్రీడితము ,
1971,మతతగగ,,7,200 1. వాగ్వల్లభ 2. మో.ఆం. 3. శ.క.ద్రు మా.పట్వర్థన్ భ.నా.శా.,శాలిని,Saalini,"శాలిని, వాతోర్మి, శాలినీ",
1972,రతతగగ,,5,ఛం.సార ఛంప్ర. పే 135,శాలీ,Saalee,శాలీ,
1973,తననననననననలగ,,17,ప్రొ.పైం. పేజీ 307 పేజీ ,శాలూర,Saaloora,శాలూర ,
1974,జసరగగ,,7,"వృరక జయదామన్, రణపింగళ",శిఖండితమ్ 2,SikhaMDitam^-2,శిఖండితమ్ 2,
1975,జసతతగ,,7,200,శిఖండివిరుతము,SikhaMDivirutamu,"శిఖండివిరుతము,  స్త్రీ",
1976,యమనసభలగ,,13,200 HCS 2.286 మా.పట్వర్థన్ భ.నా.శా. రూపగోస్వామి(y 7),శిఖరిణి,SikhariNi,"శిఖరిణి, అనుకూల",
1977,రసనరనజ,,10,సఆంఋసం వగోకృ,శిఖి,Sikhi,శిఖి,
1978,మనలగ,,No,వాగ్వల్లభ సునందినీ పరిణయము కో.శ్రీ,శిఖిలిఖిత,Sikhilikhita,శిఖిలిఖిత,
1979,మమగ,,No,1. వాగ్వల్లభ 2. మో.స. 3. వృ.మౌ.చం.4 ఛం.సా.,శిప్రా,Sipraa,"శిప్రా, శీర్షా, శీర్షా, విద్యున్మాలా, శీర్షా,  శిష్యా",
1980,మసజనజతగ,,13,వాగ్వల్లభ దుఃఖభంజన,శిలీముఖోజ్జృంభితం,SileemukhOjjRMbhitaM,శిలీముఖోజ్జృంభితం,
1981,రయనలగ,,6,మా పట్వర్ధన్,శివవిధి,Sivavidhi,శివవిధి ,
1982,సనజనభస,,11,"200, మోడేకుర్తి 2. HCS/ఛం.శా. మం.మ.చం 19-1 కొక్కొండ మా.పట్వర్థన్ వృత్తాలంకార రత్నావళి 59",శివశంకర,SivaSaMkara,"శివశంకర, సురభి, కరిణీ, సురభిః, శుభమ్, హంసక ",
1983,నమయలగ,,7,ఛం.సార ఛంప్ర. ,శివా,Sivaa,శివా,
1984,తజససయ,,10,మా.పట్వర్థన్,శిశు,SiSu,శిశు ,
1985,తసజసజజర,,10,శ్రీ వేంకటేశాయ సహస్రనామ సహస్రఛందమాల - శ్రీతోపెల్ల బాలసుబ్రహ్మణ్య శర్మ & వేగరాజు శ్రీరామ్,శీతజ్వరభయాంత,SeetajvarabhayaaMta,శీతజ్వరభయాంత ,
1986,భయగ,,No,ఛందః ప్రదీప,శీర్షరూప,Seersharoopa,శీర్షరూప,
1987,తయభభస,,8,వాగ్వల్లభ దుఃఖభంజన,శీర్షవిరహితా 1,Seershavirahitaa-1,శీర్షవిరహితా 1,
1988,మయబభస,,8,రణపింగళ,శీర్షవిరహితా 2,Seershavirahitaa-2,శీర్షవిరహితా 2,
1989,సససలల,,7,ఛంప్ర. ,శీల,Seela,శీల,
1990,సయమజగ,,7,ఛందస్కలావతీ,శీలా,Seelaa,శీలా,
1991,ససభభనలగ,,10,వాగ్వల్లభ దుఃఖభంజన,శుక,Suka,"శుక, శిశుక, వనితా",
1992,మసజగ,,6,200 మా.పట్వర్థన్,శుద్ధవిరాటి,SuddhaviraaTi,శుద్ధవిరాటి ,
1993,ననసమ,,8,వాగ్వల్లభ  మా.పట్వర్థన్,శుద్ధాంతం,SuddhaaMtaM,శుద్ధాంతం,
1994,భర,,No,వాగ్వల్లభ దుఃఖభంజన,శునకం,SunakaM,శునకం ,
1995,సససనజత,,10,సఆంఋసం వగోకృ,శుభంకర,SubhaMkara,శుభంకర,
1996,మరభనజజయ,,"8,15",రణపింగళ,శుభతా,Subhataa,శుభతా,
1997,యరస,,No,శ్రీ వేంకటేశాయ సహస్రనామ సహస్రఛందమాల - శ్రీతోపెల్ల బాలసుబ్రహ్మణ్య శర్మ & వేగరాజు శ్రీరామ్,శుభాభీష్ట,SubhaabheeshTa,శుభాభీష్ట,
1998,మభననభభగ,,13,Chadam Yap,శుభికా,Subhikaa,శుభికా,
1999,భభజయజగల,,10,సఆంఋసం వగోకృ,శుభ్రాంసు,SubhraaMsu,శుభ్రాంసు ,
2000,భమసతయగల,,11,ఛం.సార ఛంప్ర. ,శూర,Soora,శూర,
2001,భననభమననజలగ,,16,వాగ్వల్లభ ,శృంఖలవలయితం,SRMkhalavalayitaM,శృంఖలవలయితం,
2002,నతయభనననయ,,"11,19",మోడేకుర్తి,శృంగారము,SRMgaaramu,శృంగారము,
2003,తభసయ,,7,ఛందోనుశాసనం,శృతి,SRti,శృతి ,
2004,యమమగ,,7,వాగ్వల్లభ దుఃఖభంజన రపిం,శేఫావలీ,Saephaavalee,శేఫావలీ ,
2005,మభసలల,,5,వాగ్వల్లభ దుఃఖభంజన,శేషాపీడం,SaeshaapeeDaM,శేషాపీడం,
2006,యయయజ,,6,ఛం.సార,శైల,Saila,శైల,
2007,భసజతజలగ,,10,స.ఆ.ఋ.సం. ,శైలజ,Sailaja,శైలజ,
2008,భరనభభగ,,10,హేమచంద్ర 2.281 భామినీ పింగళ 8-11 మా.పట్వర్థన్,శైలశిఖా,SailaSikhaa,"శైలశిఖా, భామినీ",
2009,తభయజసరనభగ,,"8,15,22",కొక్కొండ,శోభనమహాశ్రీ,SObhanamahaaSree,శోభనమహాశ్రీ ,
2010,యమననతతగ,,"7,14",మా.పట్వర్థన్,శోభా,SObhaa,శోభా,
2011,యమననతతగగ,,"7,14","వాగ్వల్లభ స్వయంభూ 1-53, వృరక (జయదామన్) 3-98/2, భిఖారీదాస్",శోభా సుధా,SObhaa-sudhaa,శోభా సుధా,
2012,రసరజభ,,10,మా పట్వర్ధన్,శ్యామకాంత,SyaamakaaMta,శ్యామకాంత,
2013,భభభభభగగ,,10,శ్రీకృష్ణభారతం శ్రీపాద కృ.శా.,శ్యామల,Syaamala,శ్యామల,
2014,తసగగ,,No,వృత్తజాతి సముచ్చయా,శ్యామా 1,Syaamaa-1,శ్యామా 1,
2015,తసలగ,,No,మా.పట్వర్థన్,శ్యామా 2,Syaamaa-2,శ్యామా 2 ,
2016,రజరలగ,,7,"200 1. వాగ్వల్లభ 2. వృ.మౌ.చం. కవి, అనం,అప్పకవి భనాశా 15-13 మా.పట్వర్థన్",శ్యేని,Syaeni,"శ్యేని, శ్యేనికా, సేనికా, చండికా, ఉదీరతా, నైతికా",
2017,రజలగ,,No,"1. వాగ్వల్లభ 2. కవి, కావ్యా, అప్పక “నమానిక”_లక్షణ, సఆంఋసం వగోకృ",శ్రద్ధరా,Sraddharaa,"శ్రద్ధరా, ఉద్ధరా,  సమాని, క్రాంతి",
2018,రరరరగ,,7,వాగ్వల్లభ ౨2. పింగళ పీయూష,శ్రద్ధరాంతా,SraddharaaMtaa,"శ్రద్ధరాంతా, రమావిలాస",
2019,భసభగగ,,8,వాగ్వల్లభ దుఃఖభంజన,శ్రమితశిఖండి,SramitaSikhaMDi,శ్రమితశిఖండి,
2020,నరననగ,,7,మా పట్వర్ధన్,శ్రిత,Srita,శ్రిత ,
2021,భభసగగ,,7,వాగ్వల్లభ ,శ్రితకమలా,Sritakamalaa,శ్రితకమలా,
2022,గ,,No,కవి. కావ్యా చందలసాసం అప్ప రంగ ,శ్రీ,Sree,శ్రీ,
2023,గగ,,No,మోడేకుర్తి ,శ్రీ 2,Sree-2,"శ్రీ 2, పెంపు, స్థ్రీ ",
2024,సజతరలగ,,8,సఆంఋసం వగోకృ,శ్రీ లలిత,Sree-lalita,శ్రీ లలిత ,
2025,సజరజగ,,9,కొక్కొండ,శ్రీకర,Sreekara,శ్రీకర ,
2026,తరతగ,,7,శ్రీ వేంకటేశాయ సహస్రనామ సహస్రఛందమాల - శ్రీతోపెల్ల బాలసుబ్రహ్మణ్య శర్మ & వేగరాజు శ్రీరామ్,శ్రీకేళ,SreekaeLa,శ్రీకేళ ,
2027,భననస,,7,పింగళ ప్రకాశ,శ్రీదామ,Sreedaama,శ్రీదామ,
2028,భభనగల,,7,పింగళ ప్రకాశ,శ్రీపతి,Sreepati,శ్రీపతి,
2029,నతజయ,,5,ఛం.సార,శ్రీపద,Sreepada,శ్రీపద,
2030,తరసతర,,10,శ్రీ వేంకటేశాయ సహస్రనామ సహస్రఛందమాల - శ్రీతోపెల్ల బాలసుబ్రహ్మణ్య శర్మ & వేగరాజు శ్రీరామ్,శ్రీమంత్ర,SreemaMtra,"శ్రీమంత్ర,  శ్రీమంత్రము ",
2031,రతయసజగగ,,12,కొక్కొండ,శ్రీమతి,Sreemati,శ్రీమతి ,
2032,రభనలగ,,6,ఛందస్కలావతీ,శ్రీమతీ,Sreematee,శ్రీమతీ ,
2033,భరభభభమ,,10,200 MGB,శ్రీమాతా,Sreemaataa,శ్రీమాతా,
2034,భతమయ,,7,ఛందస్కలావతీ,శ్రీయమునా,Sreeyamunaa,శ్రీయమునా,
2035,మసతసభసర,,12,శ్రీ వేంకటేశాయ సహస్రనామ సహస్రఛందమాల - శ్రీతోపెల్ల బాలసుబ్రహ్మణ్య శర్మ & వేగరాజు శ్రీరామ్,శ్రీవత్స,Sreevatsa,"శ్రీవత్స, శ్రీవత్సాంకిత ",
2036,నయభగగ,,7,వాగ్వల్లభ దుఃఖభంజన 2. చం.సా. 3. HCS 2.140 అ.సోరా,శ్రుతకీర్తి,Srutakeerti,"శ్రుతకీర్తి, అనవసితా, పతిత, విచిత్రచిత్రమాల",
2037,మమజజగ,,5,హేమ 2.201 మా.పట్వర్థన్,శ్రేయోమాల,SraeyOmaala,"శ్రేయోమాల, వ్రాశీమాలా-",
2038,జమల,,No,వాగ్వల్లభ దుఃఖభంజన,శ్రోణీ,SrONee,శ్రోణీ,
2039,రజనభమలల--,,10,సఆంఋసం వగోకృ,శ్వసన,Svasana,శ్వసన ,
2040,భయతయ,,7,రణపింగళ,శ్వేతమణిమాలా,SvaetamaNimaalaa,"శ్వేతమణిమాలా, సిక్తమణిమాలా",
2041,యతరరభనగ,,13,శ్రీ వేంకటేశాయ సహస్రనామ సహస్రఛందమాల - శ్రీతోపెల్ల బాలసుబ్రహ్మణ్య శర్మ & వేగరాజు శ్రీరామ్,షట్కోటితీర్ధ,shaTkOTiteerdha,షట్కోటితీర్ధ,
2042,నరనరనర,,11,వాగ్వల్లభ దుఃఖభంజన,షట్పదేరితం,shaTpadaeritaM,షట్పదేరితం,
2043,నజభనజభలల,,11,సఆంఋసం వగోకృ,షడూర్మి,shaDoormi,షడూర్మి,
2044,మమమమగగ,,8,"వాగ్వల్లభ 2. వృత్త మౌక్తిక చంద్రశేఖర,3 రణపింగళ",సంకల్పాసారః,saMkalpaasaara@h,"సంకల్పాసారః, సంకల్పాధారః,  సింహాస్య, నీలోద్దామ",
2045,తసజసససస,,12,శ్రీ వేంకటేశాయ సహస్రనామ సహస్రఛందమాల - శ్రీతోపెల్ల బాలసుబ్రహ్మణ్య శర్మ & వేగరాజు శ్రీరామ్,సంక్రందనతమ,saMkraMdanatama,"సంక్రందనతమ, సక్రందనతమో",
2046,భనజల,,7,మా.పట్వర్థన్,సంచల,saMchala,సంచల ,
2047,తనగగ,,No,1. వా.వ  2. ఛం.వ. 3 కేశవ్ ఛంద,సంధ్యా,saMdhyaa,"సంధ్యా, అనుకూలా, బోధక",
2048,మతల,,No,వాగ్వల్లభ దుఃఖభంజన,సంపాకరి,saMpaakari,సంపాకరి,
2049,తభసభతల,,9,రూపగోస్వామి (కావ్యమాల నుండి),సంఫుల్ల,saMphulla,సంఫుల్ల,
2050,సతయ,,No,వాగ్వల్లభ దుఃఖభంజన మా.పట్వర్థన్,సంబుద్ధి,saMbuddhi,సంబుద్ధి,
2051,జతనసగగ,,9,వాగ్వల్లభ దుఃఖభంజన,సంబోధా,saMbOdhaa,సంబోధా,
2052,భనయభనయసగల,,"10,19",వాగ్వల్లభ రణపింగళ,సంభృతశరధిః,saMbhRtaSaradhi@h,సంభృతశరధిః,
2053,నయభతనననస,,16,హేమఛంశా 2-370 భ.నా.శా.,సంభ్రాంత,saMbhraaMta,సంభ్రాంత,
2054,నరనరనతగగ,,13,వాగ్వల్లభ దుఃఖభంజన,సంలక్ష్యలీలా,saMlakshyaleelaa,సంలక్ష్యలీలా,
2055,తతతగల,,5,వాగ్వల్లభ దుఃఖభంజన,సంశ్రయశ్రీః,saMSrayaSree@h,సంశ్రయశ్రీః,
2056,సతయగగ,,5,వాగ్వల్లభ దుఃఖభంజన,సంసృత శోభాసారము,saMsRta-SObhaasaaramu,సంసృత శోభాసారము,
2057,సజజగ,,5,1.వా.వ. 2 ఛం.సార 3. వృ.మౌ.చం. చం.సమీక్షా,సంహతికా,saMhatikaa,"సంహతికా, సంయుగా, సంయుతా,  సంయుత, సయుతం, సంగతం",
2058,భననసగ,,8,మా.పట్వర్థన్,సఖిజనవంద్యా,sakhijanavaMdyaa,సఖిజనవంద్యా ,
2059,జగగ,,No,మోడేకుర్తి ,సతి,sati,సతి ,
2060,మననజరయ,,10,వాగ్వల్లభ దుఃఖభంజన,సత్కేతుః,satkaetu@h,సత్కేతుః,
2061,భతతగగ,,8,ఛందస్కలావతీ,సత్యవతీ,satyavatee,సత్యవతీ ,
2062,తరతర,,6,శ్రీ వేంకటేశాయ సహస్రనామ సహస్రఛందమాల - శ్రీతోపెల్ల బాలసుబ్రహ్మణ్య శర్మ & వేగరాజు శ్రీరామ్,సత్రవ్రత,satravrata,"సత్రవ్రత, సత్యవ్రతార్ది ",
2063,మరరభరమర,,13,శ్రీ వేంకటేశాయ సహస్రనామ సహస్రఛందమాల - శ్రీతోపెల్ల బాలసుబ్రహ్మణ్య శర్మ & వేగరాజు శ్రీరామ్,సత్రాజిత్తా,satraajittaa,"సత్రాజిత్తా, సత్రాజిన్నాన ",
2064,మరనజరల,,8,సఆంఋసం వగోకృ,సదాగతి,sadaagati,సదాగతి ,
2065,తజజజజజలగ,,11,"శ్రీకృష్ణ భాగవతం, శ్రీపాద.కృ.శా.",సదాశివ,sadaaSiva,సదాశివ,
2066,మనసనమయలగ,,14,హేచంద్ర 2-340 రత్నమంజూష 7-8,సద్రత్నమాల,sadratnamaala,సద్రత్నమాల,
2067,రజనభస,,10,కొక్కొండ,సన్నుత,sannuta,సన్నుత ,
2068,భభభమభస,,12,మా.పట్వర్థన్,సన్మణిమాలా,sanmaNimaalaa,సన్మణిమాలా ,
2069,రసమయర,,9,శ్రీ వేంకటేశాయ సహస్రనామ సహస్రఛందమాల - శ్రీతోపెల్ల బాలసుబ్రహ్మణ్య శర్మ & వేగరాజు శ్రీరామ్,సప్తసాల,saptasaala,సప్తసాల ,
2070,సససససససలల,,13,రణపింగళ,సభా,sabhaa,సభా,
2071,నజభజభలగ,,13,ఛంధఃకౌస్తుభ / బృహత్సంహిత మా.పట్వర్థన్ రణపింగళ,సమదవిలాసినీ,samadavilaasinee,"సమదవిలాసినీ, విలాసినీ",
2072,ససయయ,,7,వాగ్వల్లభ ,సమయప్రహితా,samayaprahitaa,సమయప్రహితా,
2073,రజగల,,No,వాగ్వల్లభ ఛందః ప్రదీప మా పట్వర్ధన్,సమాదికా,samaadikaa,"సమాదికా, మల్లిక ",
2074,నజజజజజజయ,,12,వాగ్వల్లభ దుఃఖభంజన,సమాహితం,samaahitaM,సమాహితం,
2075,భననసభభలల,,12,సఆంఋసం వగోకృ,సమీర,sameera,సమీర ,
2076,జసజసతభగ,,13,"ఛం.సార పిం.గ.ఛం.సూ., ఛంప్ర. (9) మా.పట్వర్థన్ రణపింగళ",సముద్రతతా,samudratataa,సముద్రతతా,
2077,తనతనతనభభ,,16,మా.పట్వర్థన్,సముల్లస,samullasa,సముల్లస ,
2078,నజసజల,,7,రణపింగళ,సమూహ,samooha,సమూహ,
2079,రగ,,No,మోడేకుర్తి ,సమృద్ధి,samRddhi,సమృద్ధి ,
2080,నససలగ,,6,వాగ్వల్లభ దుఃఖభంజన మా.పట్వర్థన్,సమ్మదమాలికా,sammadamaalikaa,సమ్మదమాలికా ,
2081,మగగ,,No,మోడేకుర్తి ,సమ్మోహ,sammOha,సమ్మోహ ,
2082,సతలగ,,No,వాగ్వల్లభ దుఃఖభంజన,సరఘా,saraghaa,సరఘా,
2083,ససతతగగ,,7,వాగ్వల్లభ దుఃఖభంజన,సరమాసరణిః,saramaasaraNi@h,సరమాసరణిః,
2084,తసల,,No,వాగ్వల్లభ దుఃఖభంజన,సరళాంగ్రి,saraLaaMgri,సరళాంగ్రి,
2085,తనసల,,5,వాగ్వల్లభ దుఃఖభంజన,సరసముఖీ,sarasamukhee,సరసముఖీ ,
2086,సజససయ,,10,200 ఛం.సార మా.పట్వర్థన్ ఛందోనుశాసనం,సరసాంకము,sarasaaMkamu,"సరసాంకము, ఋషభ కపధ,  కషభ",
2087,మతయ,,No,1.మోడేకుర్తి 2. వాగ్వల్లభ ,సరసి,sarasi,"సరసి, అర్థక్లామా",
2088,మతయననననస,,"10,18",200,సరసిజము,sarasijamu,సరసిజము ,
2089,భసగ,,No,1.మోడేకుర్తి 2. కవి నరసిజ లక్షణ. అప్పక.    3. వాగ్వల్లభ ,సరసిజము 2,sarasijamu-2,"సరసిజము 2, సురచిర రుచిరం",
2090,నననననర,,10,మా పట్వర్ధన్ రణపింగళ,సరసీరుహలోచన జగదుదయ,saraseeruhalOchana-jagadudaya,సరసీరుహలోచన జగదుదయ,
2091,యరజజయర,,10,శ్రీ వేంకటేశాయ సహస్రనామ సహస్రఛందమాల - శ్రీతోపెల్ల బాలసుబ్రహ్మణ్య శర్మ & వేగరాజు శ్రీరామ్,సరస్వత్యంబుసేవిత,sarasvatyaMbusaevita,సరస్వత్యంబుసేవిత ,
2092,జరజగ,,7,.1. వా.వ. 2.మో.ఆం.,సరావికా,saraavikaa,"సరావికా, పుష్పగుచ్ఛము",
2093,నస,,No,వాగ్వల్లభ దుఃఖభంజన,సరి,sari,సరి ,
2094,తయసభరయగల,,11,ఛం.సార,సరితా,saritaa,సరితా,
2095,రసలగ,,No,మోడేకుర్తి,సరోజ 1,sarOja-1,సరోజ 1,
2096,సనసల,,6,రణపింగళ,సరోజ 2,sarOja-2,సరోజ 2,
2097,జసజగగ,,7,వాగ్వల్లభ దుఃఖభంజన,సరోజవనికా,sarOjavanikaa,సరోజవనికా,
2098,జసభజసనల,,10,సఆంఋసం వగోకృ,సరోజా,sarOjaa,సరోజా ,
2099,యయరర,,7,వాగ్వల్లభ ,సరోజావళీ,sarOjaavaLee,సరోజావళీ,
2100,మననననభగ,,10,సఆంఋసం వగోకృ,సర్వంసహా,sarvaMsahaa,సర్వంసహా ,
2101,రసజతతతర,,11,శ్రీ వేంకటేశాయ సహస్రనామ సహస్రఛందమాల - శ్రీతోపెల్ల బాలసుబ్రహ్మణ్య శర్మ & వేగరాజు శ్రీరామ్,సర్వభక్త,sarvabhakta,"సర్వభక్త, సర్వభక్తగణ ",
2102,రసజసజరర,,10,శ్రీ వేంకటేశాయ సహస్రనామ సహస్రఛందమాల - శ్రీతోపెల్ల బాలసుబ్రహ్మణ్య శర్మ & వేగరాజు శ్రీరామ్,సర్వశాస్త్ర,sarvaSaastra,"సర్వశాస్త్ర, సర్వశాస్త్రము ",
2103,రసతతరస,,9,శ్రీ వేంకటేశాయ సహస్రనామ సహస్రఛందమాల - శ్రీతోపెల్ల బాలసుబ్రహ్మణ్య శర్మ & వేగరాజు శ్రీరామ్,సర్వసంశయ,sarvasaMSaya,"సర్వసంశయ, సర్వసంశయహర ",
2104,యనభసనజల,,10,సఆంఋసం వగోకృ,సలిల,salila,సలిల,
2105,ననమననగగ,,10,వాగ్వల్లభ దుఃఖభంజన,సలేఖా,salaekhaa,సలేఖా,
2106,ససజగ,,7,వాగ్వల్లభ మా.పట్వర్థన్,సహజా చారులోచనా,sahajaa-chaarulOchanaa,సహజా చారులోచనా ,
2107,భయరతమజర,,11,శ్రీ వేంకటేశాయ సహస్రనామ సహస్రఛందమాల - శ్రీతోపెల్ల బాలసుబ్రహ్మణ్య శర్మ & వేగరాజు శ్రీరామ్,సహస్రార్క,sahasraarka,"సహస్రార్క, సహస్రార్కచ్ఛట ",
2108,జభర,,No,వాగ్వల్లభ దుఃఖభంజన,సహేలికా,sahaelikaa,సహేలికా,
2109,భతనగల,,7,1. వాగ్వల్లభ 2. ఛం.సార,సాంద్రపదం,saaMdrapadaM,సాంద్రపదం ,
2110,ససజమ,,7,వాగ్వల్లభ ,సాక్షీ,saakshee,సాక్షీ,
2111,ససభగ,,7,"సునందినీ పరిణయము కో.శ్రీ, వాగ్వల్లభ",సాధన,saadhana,"సాధన, సురయానవతీ ",
2112,నసతజ,,7,ఛం.సార ఛంప్ర.,సాధు,saadhu,సాధు,
2113,భనజనసననభగ,,"8,15,22",200,సాధ్వి,saadhvi,సాధ్వి,
2114,మసనలగ,,7,1. వాగ్వల్లభ 2. ఛం.సార,సామపదా,saamapadaa,"సామపదా, మయతనయ",
2115,రరల,,No,వాగ్వల్లభ దుఃఖభంజన,సామికా,saamikaa,సామికా,
2116,తతతత,,5,"ఛం.సార హేమ 2-167, వృరక (7)ఛం.సమీక్షా, మా పట్వర్ధన్ ప్రా.పైం",సారంగ,saaraMga,"సారంగ, సేనావలీ, వినీత, కామావతారః, సారంగ, మైనావతీ",
2117,నయయ,,No,వృత్త మౌక్తిక చంద్రశేఖర ఛంప్ర. పే 129 ఛంప్ర. ,సారంగం శ్యామ,saaraMgaM-Syaama,సారంగం శ్యామ,
2118,నయస,,No,"1.మోఆం  2 వా.వ. సునందినీ పరిణయము, బభ్రువాహన కో.శ్రీ మా.పట్వర్థన్",సారంగి,saaraMgi,"సారంగి, ముఖలా, సారంగికా, సమ్మోహ, శీర్జ్ఞీ",
2119,భభభయగ,,7,కేశవ్ ఛంద,సారవతీ,saaravatee,సారవతీ,
2120,భతనతనగ,,11,వాగ్వల్లభ ,సారవరోహా,saaravarOhaa,సారవరోహా,
2121,నససల,,7,రణపింగళ,సారస,saarasa,సారస,
2122,తభరసజజ,,10,రణపింగళ,సారస్వతీ,saarasvatee,సారస్వతీ,
2123,తజగగ,,No,వాగ్వల్లభ దుఃఖభంజన,సారావనదా,saaraavanadaa,సారావనదా,
2124,సససససలగ,,11,ఛం.సార,సారికా,saarikaa,సారికా,
2125,సజయలగ,,7,మా.పట్వర్థన్,సారిణి,saariNi,సారిణి ,
2126,రనరనర,,10,వాగ్వల్లభ దుఃఖభంజన,సారిణీ,saariNee,సారిణీ,
2127,ససభసతజయ,,13,రణపింగళ,సారీ సుందరి,saaree-suMdari,సారీ సుందరి,
2128,రయసజగ,,6,వాగ్వల్లభ దుఃఖభంజన,సార్ధ పదా,saardha-padaa,సార్ధ పదా,
2129,భభమలల,,7,రణపింగళ,సాలన,saalana,సాలన,
2130,రసరభజభర,,10,శ్రీ వేంకటేశాయ సహస్రనామ సహస్రఛందమాల - శ్రీతోపెల్ల బాలసుబ్రహ్మణ్య శర్మ & వేగరాజు శ్రీరామ్,సాల్వసేవిత,saalvasaevita,సాల్వసేవిత ,
2131,జభ,,No,వాగ్వల్లభ దుఃఖభంజన,సావటు,saavaTu,సావటు,
2132,తయమసగగ,,7,మా పట్వర్ధన్,సాశంక,saaSaMka,సాశంక,
2133,మత,,No,వాగ్వల్లభ దుఃఖభంజన,సాహూతి,saahooti,సాహూతి ,
2134,తనలల,,No,వాగ్వల్లభ దుఃఖభంజన,సింధుక్,siMdhuk^,సింధుక్,
2135,భమ,,No,వాగ్వల్లభ ఛం.సారావళీ,సింధురయా అంబా,siMdhurayaa-aMbaa,సింధురయా అంబా ,
2136,రరరరరర,,10,వాగ్వల్లభ దుఃఖభంజన,సింధుసౌవీరం,siMdhusauveeraM,సింధుసౌవీరం,
2137,నమరసలగ,,8,మా.పట్వర్థన్,సింహ,siMha,సింహ,
2138,నభరసలగ,,9,ఛందోనుశాసనం మా.పట్వర్థన్,సింహ కుసుమాఘ్ర,siMha-kusumaaghra,సింహ కుసుమాఘ్ర ,
2139,భనజనననగ,,10,200,సింహనందనము,siMhanaMdanamu,సింహనందనము,
2140,యయయయయ,,9,వాగ్వల్లభ మా పట్వర్ధన్,సింహపుచ్ఛం,siMhapuchChaM,సింహపుచ్ఛం,
2141,రజగగ,,No,"200 వాగ్వల్లభ , భ.నా.శా మా.పట్వర్థన్ భ.నా.శా.",సింహరేఖ,siMharaekha,"సింహరేఖ, సింహలేఖ సింహలీలా ",
2142,రజరజరగ,,9,మోడేకుర్తి హేమచంద్ర వృరక జయ,సింహవిక్రమము,siMhavikramamu,"సింహవిక్రమము, చిత్ర ",
2143,మమభమయయ,,12,"1. ఛం.సార 2. శబ్దకల్పద్రుమ, వృరక 3. 94 ",సింహవిస్ఫూర్జితా,siMhavisphoorjitaa,"సింహవిస్ఫూర్జితా, సింహవిస్ఫూర్జితం",
2144,తభయజసరనగ,,"8,16","1. వా.వ. 2. (మో.ఆం. యతి 11). 3. వృ.మౌ.చం., మదామరచం 19-18 వృత్త దర్పణ్ కొక్కొండ మా పట్వర్ధన్ రణపింగళ వృత్తమౌక్తిక",సిత స్తవకః,sita-stavaka@h,"సిత స్తవకః, పరిస్తవకః ,మత్తేభము, అశ్వధాటీ, మదాలసమ్, అమృతధ్వని",
2145,మసభయరర,,11,సఆంఋసం వగోకృ,సివంగి,sivaMgi,సివంగి,
2146,రతమయర,,10,ఛం.సార/ రణపింగళ మా.పట్వర్థన్,సీతా,seetaa,"సీతా, దేవప్రియా ",
2147,సభరలగ,,5,వాగ్వల్లభ దుఃఖభంజన,సీధుః,seedhu@h,సీధుః,
2148,భభరసలగ,,9,200 మా.పట్వర్థన్,సుందరి,suMdari,"సుందరి, దర్దురక",
2149,ససభసతజజలగ,,"7,14",1. ఛం.సార 2. శబ్దకల్పద్రుమ 3.వృ.మౌ. పాపైం. వాణీ భూషణ్ రణపింగళ,సుందరి 2,suMdari-2,"సుందరి 2, సుందరికా, పద్మావతికా",
2150,భగగ,,No,మోడేకుర్తి ,సుందరి 3,suMdari-3,"సుందరి 3, పంక్తి ",
2151,భతయజరల,,10,రణపింగళ,సుకఖసార 1,sukakhasaara-1,సుకఖసార 1,
2152,భతయజసగ,,10,రణపింగళ,సుకఖసార 2,sukakhasaara-2,"సుకఖసార 2, ప్రమాణే",
2153,నరజరగ,,7,వాగ్వల్లభ దుఃఖభంజన,సుకర్ణపూరం,sukarNapooraM,సుకర్ణపూరం,
2154,సభభభభగ,,10,"శ్రీకృష్ణ భాగవతం, శ్రీపాద.కృ.శా.",సుకల,sukala,సుకల,
2155,జగ,,No,మోడేకుర్తి ,సుకాంతి,sukaaMti,సుకాంతి ,
2156,భతసతభగ,,9,శ్రీ వేంకటేశాయ సహస్రనామ సహస్రఛందమాల - శ్రీతోపెల్ల బాలసుబ్రహ్మణ్య శర్మ & వేగరాజు శ్రీరామ్,సుకుమార,sukumaara,సుకుమార ,
2157,నజభజర,,11,200 1.వా.వ. 2.ఛం.సా. 3. ఛం.కౌ. (యతి 6) మా.పట్వర్థన్ (10),సుకేసరము,sukaesaramu,"సుకేసరము, భద్రకము ప్రభద్రకం, ప్రభద్రికా, సుఖేలక, ప్రభద్రకమ్, సుకేశరం, కేసరము, అతిరేఖా, సుఖేలక",
2158,ననమజగ,,8,రణపింగళ,సుక్షమా,sukshamaa,సుక్షమా,
2159,ససససససససగల,,"10,19",ఛందః ప్రదీప,సుఖ,sukha,సుఖ,
2160,తయసతలల,,7,"ఛందః ప్రదీప, రణపింగళ",సుఖదాయక చక్ర,sukhadaayaka-chakra,"సుఖదాయక చక్ర, సుఖదా, సుఖదాయక",
2161,భభభతనభస,,12,పింగళ ప్రకాశ,సుఖవితాన,sukhavitaana,సుఖవితాన,
2162,మభతయ,,7,వాగ్వల్లభ ,సుఖశైలమ్,sukhaSailam^,సుఖశైలమ్,
2163,యరతమ,,7,రణపింగళ మా.పట్వర్థన్,సుఖానంద ప్రసూనాంగీ,sukhaanaMda-prasoonaaMgee,సుఖానంద ప్రసూనాంగీ ,
2164,సజరగ,,6,వాగ్వల్లభ దుఃఖభంజన,సుఖేలా,sukhaelaa,సుఖేలా ,
2165,సనయ,,No,వాగ్వల్లభ దుఃఖభంజన,సుగంధి,sugaMdhi,సుగంధి,
2166,రజరజరలగ,,10,కవి.  2. వృ.మౌ.చం.,సుగంధి 2,sugaMdhi-2,"సుగంధి 2, మతంగవాహినీ",
2167,భజననభజనగ,,"9,17",మోడేకుర్తి,సుగంధి 3,sugaMdhi-3,సుగంధి 3,
2168,రజరజర,,9,200 1. వాగ్వల్లభ 2. ఛం.సా. 3.శ.క.ద్రు భిఖారీదాస్(7),సుగంధి 4,sugaMdhi-4,"సుగంధి 4, శాలిని, చామర, ప్రశాంతి, తూణకం, పంచయామలం, సోమవల్లరీ, తూణకం, చామరము, దేవరాజ",
2169,యరగల,,No,మోడేకుర్తి,సుచంద్రాభా,suchaMdraabhaa,సుచంద్రాభా,
2170,సససజన,,10,TBS,సుజన,sujana,సుజన,
2171,సభలల,,No,వాగ్వల్లభ దుఃఖభంజన,సుతమధు,sutamadhu,సుతమధు,
2172,సరసర,,8,వాగ్వల్లభ ,సుతలం,sutalaM,సుతలం,
2173,సజనరలగ,,6,జయకీర్తి ఛందోనుశాసనం ,సుదర్శన,sudarSana,సుదర్శన,
2174,జన,,No,వాగ్వల్లభ దుఃఖభంజన,సుదాయి,sudaayi,సుదాయి,
2175,నసనస,,7,"సునందినీ పరిణయము, బభ్రువాహన కో.శ్రీ",సుధ,sudha,సుధ,
2176,జజజజజజలలవ,,"7,16",మా పట్వర్ధన్,సుధా,sudhaa,సుధా,
2177,భనరసనరస,,11,సఆంఋసం వగోకృ,సుధా 2,sudhaa-2,సుధా 2,
2178,యమనసతస,,8,"మోడేకుర్తి శ.క.ద్రు (హేమచంద్ర 2-317, జయకీర్తి 2-218 వృరక 3-94 12 y 13)) మా.పట్వర్థన్ రణపింగళ",సుధా క్రీడా,sudhaa-kreeDaa,"సుధా క్రీడా, ముక్తామాల, సుధా",
2179,నససరజగల,,10,సఆంఋసం వగోకృ,సుధాంశువృత్తము,sudhaaMSuvRttamu,సుధాంశువృత్తము,
2180,నజభజజజజరగ,,"7,13,19",మా.పట్వర్థన్,సుధాకలశ,sudhaakalaSa,సుధాకలశ ,
2181,రజతరలగ,,8,"వాగ్వల్లభ , కోలాచలం ( యతి 10)",సుధాధరా,sudhaadharaa,"సుధాధరా, విభూతి",
2182,నతగ,,No,మోడేకుర్తి 2. వా.వ.,సుధాధామ పరభృతం,sudhaadhaama-parabhRtaM,సుధాధామ పరభృతం,
2183,రనరగగ,,8,"వాగ్వల్లభ దుఃఖభంజన కేశవ్ ఛంద, హేమచంద్ర ",సుధాధార,sudhaadhaara,సుధాధార,
2184,యతననభలగ,,7,రణపింగళ,సుధాధార 2,sudhaadhaara-2,సుధాధార 2,
2185,నయతయసగ,,9,పింగళ ప్రకాశ,సుధావేలి,sudhaavaeli,సుధావేలి,
2186,యరభరనర,,9,శ్రీ వేంకటేశాయ సహస్రనామ సహస్రఛందమాల - శ్రీతోపెల్ల బాలసుబ్రహ్మణ్య శర్మ & వేగరాజు శ్రీరామ్,సుధాస్వచ్చోర,sudhaasvachchOra,సుధాస్వచ్చోర ,
2187,నభరలల,,7,సునందినీ పరిణయము కో.శ్రీ,సునందినీ,sunaMdinee,సునందినీ,
2188,భరనరనరనగ,,11,"200 1. కవి. ""భద్రిణి"" - కావ్యా. ""భద్రక"" -అనం. లక్షణ. అప్పక. నాగ. 2.వృ.జా.స. 3వృ.మౌ. భనాశా పిం.సూ 1874 214-25 స్వ.భూ.ఛం.",సుభద్రక,subhadraka,"సుభద్రక, విశుద్ధచరిత, శిఖరమ్, భద్రకం, శిఖరం, మద్రకం",
2189,మతతస,,6,వాగ్వల్లభ ,సుభద్రావతారణిః,subhadraavataaraNi@h,సుభద్రావతారణిః,
2190,సజససగ,,8,"200 1. వాగ్వల్లభ 2. ఛం.సార, రణపింగళ మా.పట్వర్థన్ వృత్తాలంకార రత్నావళి 37",సుమంగలి,sumaMgali,"సుమంగలి, కలహంసి, సింహనాదః, క్షమా, కుటజా, కలహంస, నందినీ, సింహినీ, కుటజా, సరసా",
2191,నరనయ,,7,ఛం.సార,సుమతి,sumati,సుమతి,
2192,నగ,,No,మోడేకుర్తి ,సుమతి 2,sumati-2,సుమతి 2,
2193,మరభనమనగ,,11,ఛం.సార మా.పట్వర్థన్,సుమధురా,sumadhuraa,సుమధురా,
2194,ససగ,,No,ఛంప్ర. ,సుమాల,sumaala,సుమాల,
2195,రరసయ,,7,"శ్రీకృష్ణ భాగవతం, శ్రీపాద.కృ.శా.",సుముఖీ,sumukhee,సుముఖీ,
2196,నజజలగ,,7,"200 కొక్కొండ, 1. వా.వ. 2.శ.క.ద్రు. మా.పట్వర్థన్ భ.నా.శా.",సుముఖీ 2,sumukhee-2,"సుముఖీ 2, ద్రుతపాదగతి ",
2197,యరతగగ,,7,రణపింగళ మా.పట్వర్థన్,సుమేరు మృగాక్షీ,sumaeru-mRgaakshee,సుమేరు మృగాక్షీ ,
2198,జరజనరలగ,,10,సఆంఋసం వగోకృ,సుమేళ,sumaeLa,సుమేళ ,
2199,సభనసగగ,,5,మా పట్వర్ధన్,సురతి,surati,సురతి,
2200,భతనగ,,6,మా.పట్వర్థన్ భ.నా.శా.,సురదయితా,suradayitaa,సురదయితా ,
2201,నభరనననర,,12,200,సురభూజరాజము,surabhoojaraajamu,సురభూజరాజము,
2202,ననతనభససనలగ,,"8,14,21",200 లక్షణ శిరోమణి,సురభూరుహ,surabhooruha,సురభూరుహ,
2203,మనసతరగ,,10,హై.ఛం.శా.2.280,సురలలితా,suralalitaa,సురలలితా,
2204,తనభస,,7,"ఛం.సార, ఛంప్ర. ",సురసరి,surasari,సురసరి,
2205,భరనజనలగ,,10,మా.పట్వర్థన్,సురసరితా,surasaritaa,సురసరితా ,
2206,మరభనయనగ,,13,వాగ్వల్లభ దుఃఖభంజన,సురసా,surasaa,సురసా ,
2207,నయయగ,,7,వాగ్వల్లభ దుఃఖభంజన,సురాక్షీ,suraakshee,సురాక్షీ ,
2208,యనభజగ,,9,చిత్రనళీయం ధర్మవరపు,సురానంద,suraanaMda,"సురానంద, అపూర్వ",
2209,జజజజజలగ,,11,మా.పట్వర్థన్,సురాసురవంద్య,suraasuravaMdya,సురాసురవంద్య ,
2210,నయగ,,No,వాగ్వల్లభ దుఃఖభంజన,సురి,suri,సురి,
2211,ననభసతననయగ,,"8,14,21",మోడేకుర్తి లక్షణశిరోమణి,సురుచి,suruchi,"సురుచి, సురభి ",
2212,ననససససగగ,,12,"శ్రీకృష్ణ భాగవతం, శ్రీపాద.కృ.శా.",సురుచితర,suruchitara,సురుచితర,
2213,జభసరగ,,7,మా.పట్వర్థన్,సురుచిరా,suruchiraa,"సురుచిరా, రుచిరా 3",
2214,యమననగ,,7,ఛం.సార ఛంప్ర. పే 158,సురేంద్ర,suraeMdra,సురేంద్ర,
2215,నమజసనగ,,10,Mm 18.16,సులలితా,sulalitaa,సులలితా,
2216,నసనమజజగ,,13,రణపింగళ,సులలితా 2,sulalitaa-2,సులలితా 2,
2217,తజర,,No,మా.పట్వర్థన్,సులోచనా,sulOchanaa,సులోచనా ,
2218,సరభనతతగ,,10,రణపింగళ,సువంశా,suvaMSaa,సువంశా,
2219,నజరజగ,,8,మా.పట్వర్థన్,సువక్త్రా,suvaktraa,సువక్త్రా ,
2220,భరభనయభలగ,,15,భ.నా.శా,సువదంతి,suvadaMti,సువదంతి ,
2221,మరభనయభలగ,,13,వాగ్వల్లభ భ.నా.శా.,సువదనా,suvadanaa,సువదనా ,
2222,సభభభభగగ,,10,"శ్రీకృష్ణ భాగవతం, శ్రీపాద.కృ.శా.",సువర్ణ,suvarNa,సువర్ణ,
2223,నననభనసజ,,12,సఆంఋసం వగోకృ,సువర్ణ 2,suvarNa-2,సువర్ణ 2,
2224,భజసభతజభలగ,,13,శ్రీ వేంకటేశాయ సహస్రనామ సహస్రఛందమాల - శ్రీతోపెల్ల బాలసుబ్రహ్మణ్య శర్మ & వేగరాజు శ్రీరామ్,సువర్ణముఖ,suvarNamukha,"సువర్ణముఖ, సువర్ణముఖి ",
2225,తభయ,,No,మా పట్వర్ధన్,సువర్ణరుచిర,suvarNaruchira,సువర్ణరుచిర,
2226,నజల,,No,1 వృ.మౌ.చం. 2. వా.వ ౩ ఛం.సారావళీ,సువాసకం,suvaasakaM,"సువాసకం, వాసకి, సవాసిని, సవాసన",
2227,సననగగ,,8,వాగ్వల్లభ దుఃఖభంజన,సువృత్తిః,suvRtti@h,సువృత్తిః,
2228,ననసయ,,6,ఛందస్కలావతీ,సుశీలా,suSeelaa,సుశీలా ,
2229,తయభగ,,6,"1.వా.వ   2. మో.ఆం. 3.ఛం.సా, 4ఛంప్ర. , ఛందః ప్రదీప మా.పట్వర్థన్",సుషమా,sushamaa,"సుషమా, సుషమ, వామా, సుఖమా ",
2230,తసజయననర,,11,శ్రీ వేంకటేశాయ సహస్రనామ సహస్రఛందమాల - శ్రీతోపెల్ల బాలసుబ్రహ్మణ్య శర్మ & వేగరాజు శ్రీరామ్,సుస్వప్నఫలద,susvapnaphalada,సుస్వప్నఫలద ,
2231,మసజసససయయలగ,,"13,21",వాగ్వల్లభ దుఃఖభంజన,సూరసూచకః,soorasoochaka@h,సూరసూచకః,
2232,రసజరనరస,,10,శ్రీ వేంకటేశాయ సహస్రనామ సహస్రఛందమాల - శ్రీతోపెల్ల బాలసుబ్రహ్మణ్య శర్మ & వేగరాజు శ్రీరామ్,సూర్యమండల,sooryamaMDala,సూర్యమండల ,
2233,నజగల,,No,మోడేకుర్తి,సృజన,sRjana,సృజన ,
2234,తయసభసగ,,10,వాగ్వల్లభ దుఃఖభంజన,సృతశిఖా,sRtaSikhaa,సృతశిఖా,
2235,యజనజనజ,,9,సఆంఋసం వగోకృ,సృష్టిశ్రీ,sRshTiSree,సృష్టిశ్రీ,
2236,తరసల,,7,ఛం.సార,సేవా,saevaa,సేవా,
2237,జరజగల,,8,"1. వా.వ 2. వృ.మౌ.చం., భిఖారీదాస్",సైనికం,sainikaM,"సైనికం, సేనికా, రూపసేనిక",
2238,రమగ,,No,వాగ్వల్లభ దుఃఖభంజన,సైరవీ,sairavee,సైరవీ,
2239,రభ,,No,వాగ్వల్లభ దుఃఖభంజన,సోపధి,sOpadhi,సోపధి,
2240,యయ,,No,"1.వా.వ. 2. ఛం.కౌ.  3. కవి. కావ్యా. లక్షణ అప్పక ,నాగ",సోమరాజీ,sOmaraajee,"సోమరాజీ, శంఖధారీ, సోమరాజీ, శంఖనారీ, విచిత్ర ",
2241,యభ,,No,వాగ్వల్లభ దుఃఖభంజన,సోమశ్రుతి,sOmaSruti,సోమశ్రుతి,
2242,నరభనననగల,,11,సఆంఋసం వగోకృ,సౌందర్య,sauMdarya,సౌందర్య,
2243,సభయగగ,,7,రణపింగళ,సౌదాంఘ్రి,saudaaMghri,సౌదాంఘ్రి,
2244,ససససనజయసల,,"10,20",వాగ్వల్లభ దుఃఖభంజన,సౌదామనదామ,saudaamanadaama,సౌదామనదామ,
2245,భజసలగ,,6," ఋగ్వేదము, వాగ్వల్లభ ",సౌభగకలా,saubhagakalaa,సౌభగకలా,
2246,జతతగగ,,7,ఛందస్కలావతీ,సౌభాగ్యవతీ,saubhaagyavatee,సౌభాగ్యవతీ ,
2247,రభగ,,No,వాగ్వల్లభ దుఃఖభంజన,సౌరకాంతా,saurakaaMtaa,సౌరకాంతా,
2248,నయసలగ,,6,వాగ్వల్లభ దుఃఖభంజన,సౌరభవర్ధినీ,saurabhavardhinee,సౌరభవర్ధినీ,
2249,భమతనసనలగ,,10,వాగ్వల్లభ దుఃఖభంజన,సౌరభశోభాసారః,saurabhaSObhaasaara@h,సౌరభశోభాసారః,
2250,భస,,No,వాగ్వల్లభ ,సౌరభి,saurabhi,సౌరభి ,
2251,సజయరలగ,,10,మా.పట్వర్థన్,సౌరభీ 2,saurabhee-2,సౌరభీ 2,
2252,సభమసభగ,,7,భరత నాట్య 16.32,స్ఖలిత విక్రమ,skhalita-vikrama,స్ఖలిత విక్రమ,
2253,సమమసభగ,,10,మా.పట్వర్థన్,స్ఖలిత విక్రమా 2,skhalita-vikramaa-2,స్ఖలిత విక్రమా 2,
2254,జభల,,No,వాగ్వల్లభ దుఃఖభంజన,స్తరధి,staradhi,స్తరధి,
2255,తసతసతసస,,12,శ్రీ వేంకటేశాయ సహస్రనామ సహస్రఛందమాల - శ్రీతోపెల్ల బాలసుబ్రహ్మణ్య శర్మ & వేగరాజు శ్రీరామ్,స్తుతిసంప్రీత,stutisaMpreeta,స్తుతిసంప్రీత ,
2256,తర,,No,వాగ్వల్లభ దుఃఖభంజన,స్థాలీ,sthaalee,స్థాలీ ,
2257,తతనయజ,,8,సఆంఋసం వగోకృ,స్థిర,sthira,స్థిర ,
2258,తసగ,,No,వాగ్వల్లభ దుఃఖభంజన,స్థూలా,sthoolaa,స్థూలా,
2259,భమమ,,No,1.వా.వ. 2.మో.ఆం. 3.ఛం.వ. 4HCS 2.88,స్నిగ్ధ,snigdha,"స్నిగ్ధ, వక్త్రమ్",
2260,భతయర,,7,మా పట్వర్ధన్,స్నేహలతా,snaehalataa,స్నేహలతా,
2261,నయన,,No,వాగ్వల్లభ దుఃఖభంజన,స్ఫుటఘటితా,sphuTaghaTitaa,స్ఫుటఘటితా,
2262,నయమమమ,,10,వాగ్వల్లభ దుఃఖభంజన,స్ఫోటక,sphOTaka,"స్ఫోటక, క్రీడం",
2263,జభసయ,,7,ఛం.శా.,స్మృతి,smRti,స్మృతి ,
2264,మరభనయయయ,,"8,15",200 మా.పట్వర్థన్ భ.నా.శా.,స్రగ్ధర,sragdhara,స్రగ్ధర,
2265,రరరర,,7,"200, ఛందః ప్రదీప భ.నా.శా. సఆంఋసం వగోకృ",స్రగ్విణి,sragviNi,"స్రగ్విణి, లక్ష్మీధర పద్మినీ సత్యశ్రీ",
2266,తతజతరభరగ,,12,పింగళ పీయూష,స్రేంద్ర వజ్ర,sraeMdra-vajra,స్రేంద్ర వజ్ర,
2267,రరతరర,,10,శ్రీ వేంకటేశాయ సహస్రనామ సహస్రఛందమాల - శ్రీతోపెల్ల బాలసుబ్రహ్మణ్య శర్మ & వేగరాజు శ్రీరామ్,స్వందనారూఢ,svaMdanaarooDha,స్వందనారూఢ ,
2268,నభగ,,No,1.వా.వ.  2. అప్పక.,స్వనకరీ,svanakaree,"స్వనకరీ, మధుమతి ",
2269,జరతరజవ,,6,శ్రీ వేంకటేశ్వర సహస్రనామ సహస్రఛందమాల - శ్రీతోపెల్ల బాలసుబ్రహ్మణ్య శర్మ & వేగరాజు శ్రీరామ్,స్వమూర్తి,svamoorti,"స్వమూర్తి, స్వమూర్తికేళి ",
2270,సజజమ,,6,వాగ్వల్లభ ,స్వరవర్షిణీ,svaravarshiNee,స్వరవర్షిణీ,
2271,రసజతసరస,,11,శ్రీ వేంకటేశాయ సహస్రనామ సహస్రఛందమాల - శ్రీతోపెల్ల బాలసుబ్రహ్మణ్య శర్మ & వేగరాజు శ్రీరామ్,స్వర్గమార్గ,svargamaarga,"స్వర్గమార్గ, స్వర్గమార్గము ",
2272,నజజనభసలగ,,10,,స్వర్ణమాలా,svarNamaalaa,స్వర్ణమాలా,
2273,మజససయ,,10,మా.పట్వర్థన్,స్వర్ణాక్షి,svarNaakshi,స్వర్ణాక్షి,
2274,ససససనయభగ,,12,వాగ్వల్లభ దుఃఖభంజన,స్వర్ణాభరణం,svarNaabharaNaM,స్వర్ణాభరణం,
2275,భయజభభరవ,,12,శ్రీ వేంకటేశాయ సహస్రనామ సహస్రఛందమాల - శ్రీతోపెల్ల బాలసుబ్రహ్మణ్య శర్మ & వేగరాజు శ్రీరామ్,స్వాంఘ్రినఖ,svaaMghrinakha,స్వాంఘ్రినఖ,
2276,రనభగగ,,7,"200, ఛందఃప్రదీప మా.పట్వర్థన్ భ.నా.శా.",స్వాగతము,svaagatamu,"స్వాగతము, సుపథ, గంగాధర",
2277,తసభల,,5,మా పట్వర్ధన్,స్వానంద,svaanaMda,"స్వానంద, సమ్రాట్, హరిత, ద్విరావృత్తి",
2278,రసతజరలగ,,8,శ్రీ వేంకటేశాయ సహస్రనామ సహస్రఛందమాల - శ్రీతోపెల్ల బాలసుబ్రహ్మణ్య శర్మ & వేగరాజు శ్రీరామ్,స్వామితీర్ధ,svaamiteerdha,స్వామితీర్ధ ,
2279,జనగ,,No,1. వా.వ. 2.. లక్షణ. అప్పక,స్విదా,svidaa,"స్విదా, కుమారాలలిత ",
2280,భతతతగ,,8,వాగ్వల్లభ ,స్విన్నశరీరం,svinnaSareeraM,స్విన్నశరీరం,
2281,ననజజజజజలగ,,,మా.పట్వర్థన్,హంసగతి,haMsagati,హంసగతి,
2282,నజజజజజజలగ,,"8,14,20","200 వాగ్వల్లభ / ఛం.సార/హేమచంద్ర 2-361, జయకీర్తి ఛంశా. 2-249 రణపింగళ",హంసగతి 2,haMsagati-2,"హంసగతి 2, కవిరాజవిరాజితము, శ్రవణాభరణం, శైలసుతా, హంసగతి, మహాతరుణీదయిత విరాజిత, శ్రవణాభరణ, సుధాలహరీ",
2283,తయభభననననగ,,11,హేమచంద్ర ఛందోనుశాసనం 2-374 రత్నమంజూష 7-27,హంసపదా,haMsapadaa,హంసపదా,
2284,సరగ,,No,వాగ్వల్లభ భ.నా.శా. పింగళశిరోమణి,హంసమాలా,haMsamaalaa,"హంసమాలా, దీప్తా ",
2285,మనగగ,,No,"1. వాగ్వల్లభ 2. లక్షణ, అప్పక,",హంసరుతం,haMsarutaM,"హంసరుతం, హంసరుత",
2286,భభభగ,,7,మా.పట్వర్థన్ భ.నా.శా.,హంసలంబ,haMsalaMba,"హంసలంబ, మణిగుణనికుర, చిత్రగతి వృత, పథితా",
2287,మమతనననసగ,,13,వాగ్వల్లభ 1. మోడేకుర్తి 2. ఛం.కౌ. ( 9 యతి) మా.పట్వర్థన్,హంసీ,haMsee,"హంసీ, రజతహంసీ, హంసీ, హసీ, హంసి, సురుచిరహంసీ, విద్యున్మాలా, సుపవిత్ర",
2288,మజలగ,,No,వాగ్వల్లభ దుఃఖభంజన,హఠినీ,haThinee,హఠినీ,
2289,నజభజభజయగ,,"6,12,18",మా.పట్వర్థన్,హయలీలాంగీ,hayaleelaaMgee,హయలీలాంగీ ,
2290,రసజయభర,,"9,14",200 APPAKAVI,హరనర్తనము 1,haranartanamu-1,హరనర్తనము 1,
2291,రతజజభర,,13,ఛంధఃకౌస్తుభ,హరనర్తనము 2,haranartanamu-2,హరనర్తనము 2,
2292,తతతజగల,,9,రణపింగళ,హరలీల,haraleela,హరలీల,
2293,ససభసతజజజల,,"13,17",రణపింగళ,హరి,hari,హరి,
2294,ల,,No,మోడేకుర్తి ,హరి 2,hari-2,హరి 2,
2295,ననమరసలగ,,10,వృ.ర. 3-93 మా.పట్వర్థన్ రణపింగళ,హరి 3,hari-3,హరి 3,
2296,రనభలగ,,7,రణపింగళ,హరి రూపక,hari-roopaka,హరి రూపక,
2297,సభతలగ,,7,1. వాగ్వల్లభ 2. ఛం.సార 3.మా పట్వర్ధన్,హరికాంతా,harikaaMtaa,"హరికాంతా, సాయక, మదిరాక్షి",
2298,మసజజభర,,9,వాగ్వల్లభ దుఃఖభంజన మా.పట్వర్థన్,హరిణప్లుతం,hariNaplutaM,"హరిణప్లుతం, మృగసాలికా ",
2299,నసమరసలగ,,12,200 హేఛంశా  భనాశా మా.పట్వర్థన్,హరిణి,hariNi,"హరిణి, వృషభ, లలిత, హరిత ",
2300,నసమతభర,,11, హేమచంద్ర చంశా 2-318 స్వయంబూ 1-42 మా.పట్వర్థన్,హరిణీపద,hariNeepada,హరిణీపద,
2301,నసగల,,No,వాగ్వల్లభ దుఃఖభంజన,హరిత్,harit^,హరిత్,
2302,ననలగ,,No,1. వా. వ 2. వృ.జా.స. మా పట్వర్ధన్,హరిపదం,haripadaM,"హరిపదం, కుసుమ, కనకమయి",
2303,తభభజగల,,9,రణపింగళ,హరిలీల,harileela,హరిలీల,
2304,తతభసలల,,9,కేశవ్ ఛంద,హరిలీలా,harileelaa,హరిలీలా,
2305,ససతయ,,8,మా.పట్వర్థన్,హరిలీలా 2,harileelaa-2,హరిలీలా 2,
2306,భజనత,,7,200 TBS,హరివర,harivara,హరివర,
2307,నసనభనగ,,10,200,హరిహయము,harihayamu,హరిహయము,
2308,నజమసతజజ,,14,ఛం.సార,హరిహర,harihara,హరిహర,
2309,తరరర,,7,సఆంఋసం వగోకృ,హరిహరప్రియ,hariharapriya,హరిహరప్రియ ,
2310,తగగ,,No,మోడేకుర్తి ,హరీ,haree,హరీ ,
2311,రభల,,No,వాగ్వల్లభ దుఃఖభంజన,హర్షిణీ,harshiNee,హర్షిణీ,
2312,రనస,,No,"కవి కావ్యా, అనం. లక్షణ. అప్పక, నాగ. మా పట్వర్ధన్, ఛందార్ణవ",హలముఖి,halamukhi,"హలముఖి, హరముఖ",
2313,ననజసససజగ,,12,మోడేకుర్తి,హల్లకమాలిక,hallakamaalika,హల్లకమాలిక ,
2314,మభనగ,,5,1. ఛం.సార 2. శ.క.ద్రు వాగ్వల్లభ రణపిం మా.పట్వర్థన్ ఛందార్ణవ,హసీ,hasee,"హసీ, హంసీ, హంసపద",
2315,ననసస,,7,రణపింగళ,హాకలికా 2,haakalikaa-2,హాకలికా 2,
2316,సససససససల,,16,రణపింగళ,హాటక,haaTaka,హాటక,
2317,తజ,,No,వాగ్వల్లభ దుఃఖభంజన,హాటకశాలి,haaTakaSaali,హాటకశాలి,
2318,తనగ,,No,1. వా.వ  2. మో.ఆం.,హారము,haaramu,"హారము, భ్రమరమాలిక",
2319,భసనజనభలల,,11,రూపగోస్వామి (కావ్యమాల నుండి),హారి హరిణ,haari-hariNa,హారి హరిణ ,
2320,మభనయయలగ,,10,వాగ్వల్లభ దుఃఖభంజన,హారిణి,haariNi,హారిణి,
2321,జరభర,,,భ.నా.శా.,హాసాస్య,haasaasya,హాసాస్య ,
2322,మతగ,,No,వాగ్వల్లభ దుఃఖభంజన,హిందీరం,hiMdeeraM,హిందీరం,
2323,తనయగగ,,6,ఛంప్ర. పే 136,హిత,hita,హిత,
2324,జరజసనభ,,10,సఆంఋసం వగోకృ,హిమాంశు,himaaMSu,హిమాంశు ,
2325,జజభరసజలగ,,"7,13",మా.పట్వర్థన్,హిమాంశుముఖీ,himaaMSumukhee,హిమాంశుముఖీ ,
2326,జతరరయజగగ,,13,మా.పట్వర్థన్,హిరణ్యకేశీ,hiraNyakaeSee,"హిరణ్యకేశీ, జలౌఘవేగా",
2327,రరరరరరరరగ,,13,వాగ్వల్లభ దుఃఖభంజన,హీణహైయంగవీనం,heeNahaiyaMgaveenaM,హీణహైయంగవీనం,
2328,రరరగ,,7,"1. వాగ్వల్లభ 2.ఛం.సార ఛందార్ణవ రపిం ఛంప్ర. మా పట్వర్ధన్, షోడశమహారాజ చరిత్ర",హీయహాసః,heeyahaasa@h,"హీయహాసః, జాలా బాలా హేమహాస భామిని, గోపాలబాలా",
2329,భభభభభభ,,13,వాగ్వల్లభ  ,హీరకహారధరం,heerakahaaradharaM,హీరకహారధరం,
2330,భభరల,,7,వాగ్వల్లభ మా.పట్వర్థన్ ,హీరలంబి పిచ్ఛ,heeralaMbi-pichCha,హీరలంబి పిచ్ఛ ,
2331,నజజభగల,,8,వాగ్వల్లభ దుఃఖభంజన,హేతిః,haeti@h,హేతిః,
2332,భజజభగల,,7,వాగ్వల్లభ దుఃఖభంజన,హేమ మహికా,haema-mahikaa,హేమ మహికా,
2333,రరలగ,,No,వాగ్వల్లభ దుఃఖభంజన,హేమరూపం,haemaroopaM,హేమరూపం,
2334,తసరసతనర,,11,శ్రీ వేంకటేశాయ సహస్రనామ సహస్రఛందమాల - శ్రీతోపెల్ల బాలసుబ్రహ్మణ్య శర్మ & వేగరాజు శ్రీరామ్,హేమాంబుజ,haemaaMbuja,హేమాంబుజ ,
2335,సగ,,No,మోడేకుర్తి ,హేయగ,haeyaga,హేయగ,
2336,భరగ,,No,వాగ్వల్లభ దుఃఖభంజన,హోడపదా,hODapadaa,హోడపదా,
2337,నననస,,7,మా పట్వర్ధన్,హ్లా,hlaa,హ్లా,
